name,recorderName,organization,latitude,longitude,city,modifiedDate,landCover,grazed,flooding,slope,slopeShape,rockFragmentForSoilHorizon1,rockFragmentForSoilHorizon2,rockFragmentForSoilHorizon3,rockFragmentForSoilHorizon4,rockFragmentForSoilHorizon5,rockFragmentForSoilHorizon6,rockFragmentForSoilHorizon7,colorForSoilHorizon1,colorForSoilHorizon2,colorForSoilHorizon3,colorForSoilHorizon4,colorForSoilHorizon5,colorForSoilHorizon6,textureForSoilHorizon1,textureForSoilHorizon2,textureForSoilHorizon3,textureForSoilHorizon4,textureForSoilHorizon5,textureForSoilHorizon6,textureForSoilHorizon7,surfaceCracking,surfaceSalt,landscapeNorthPhotoURL,landscapeEastPhotoURL,landscapeSouthPhotoURL,landscapeWestPhotoURL,soilPitPhotoURL,soilSamplesPhotoURL,grassProductivity,grassErosion,maizeProductivity,maizeErosion
61 MAR 11,erastusngaruka@gmail.com,Agra,-17.75936962,18.70437937,,Wed Sep 24 10:20:28 UTC 2014,"tree cover, >25% canopy",FALSE,FALSE,3%,"LINEAR,LINEAR",0-15%,0-15%,0-15%,0-15%,0-15%,0-15%,0-15%,183/185/185,167/171/171,191/249/178,187/188/187,174/196/226,177/177/173,SANDY LOAM,SANDY LOAM,SANDY LOAM,LOAMY SAND,LOAMY SAND,LOAMY SAND,SANDY LOAM,FALSE,FALSE,,http://lh6.ggpht.com/bfqSDMs0K_3D-H996gbZj0UrhxQD25ATxoF_4-fs8mZi2tdWjNOwxDGZHMQKs7qPaZ3ckCJsian_OtJjcrmMBQ_0f3bjnggd,,,,,1.7,0.01,1.2,0.77
8 DUM 12,erastusngaruka@gmail.com,Agra,-18.24311435,20.8439894,,Fri Sep 05 15:12:32 UTC 2014,"shrub cover, >50% cover",FALSE,FALSE,0%,"LINEAR,LINEAR",0-15%,0-15%,0-15%,0-15%,0-15%,0-15%,,176/173/172,195/195/195,197/201/205,192/196/195,190/192/190,119/111/104,LOAMY SAND,LOAMY SAND,SAND,SAND,SAND,SAND,,FALSE,FALSE,http://lh6.ggpht.com/bGp1NGfxwP5JqxaKspACZLh0o-l8C2AYmTMNqwPkJ0OCfaqPRSJCziRDe81HUw12d5yFT3B733GkI4IIhHn-CvJcVRCXSK62sWc,http://lh6.ggpht.com/STgbn5TsyAWbyO2-xJIuEkw4QUrDqKDxJRDgiOmi0S39YsnYFL6AGnq3imOP_MC9dgJWmjntx2i_TBE8jp2XpNHlMtf0KB4C,http://lh6.ggpht.com/fTiRvJm5vpqn0IZk9AnxRS5Oexs-Sm5FGP68Dc5a5sSHZ7ye2pKiOjU3axB-z6MAo8UG5llGPscJ-jtTvPlcLP9n_rziu5GLJQ,http://lh6.ggpht.com/OvenASjopOn4v2PLRllB5CtFKue33X0kqUIIlLD6Vdl0vu0jT_wYKRmIrtn9EcWU9dI1N9qztC45q-mSYbSIIffFJ5hc8jalJg,http://lh5.ggpht.com/A7DgiEssJ2q8NLT0N92vCadNH0raOJatv5XRK2PZ2rdKiDMzIGpYOAtZwmA8VdEP95ax8smNIxa6C_dVFcW3npW72oG1rCHe,http://lh4.ggpht.com/ScErMXWVSaOjrnNSTskILNNYRu7tDxUba1yn9R2HGALfad9UOHOX0nrZZgPU8v7btZxx-fun2VLuPYFZ-rCyS9csE8uAFqXQvxc,1.6,0,1.3,0.02
9 DUM 13,erastusngaruka@gmail.com,Agra,-18.26080398,20.84853508,,Fri Sep 05 14:35:13 UTC 2014,"shrub cover, >50% cover",TRUE,FALSE,2%,"LINEAR,LINEAR",0-15%,0-15%,0-15%,0-15%,0-15%,0-15%,,192/193/194,187/191/196,188/190/194,194/191/189,190/194/192,182/185/185,LOAMY SAND,LOAMY SAND,LOAM,LOAMY SAND,LOAMY SAND,LOAMY SAND,LOAMY SAND,FALSE,FALSE,http://lh5.ggpht.com/3qJGjG6RU54kcA-BSo69MaKJ_cSi32fes9ZF-jG3ndIrEfiBYmlwtksdnCXWXOBPu3fZJjYl_kZsaupC4DldK_uZiUh88sSheQ,http://lh6.ggpht.com/0yfxvuSXSgVZxKjsCQMb1RBvp2ZaikVCiyGhp5IWSe5kA9TIKFxqumdd7i3KpUV6tDs3jEaW_9sM9OBbFcJ1MFN3cpwgH60SKw,http://lh5.ggpht.com/cKtHrU2LBfQifk-QsIfh_a5YTcrxi6pnpgN-HSACMY8U7fUc2DbXorZRvTD_d_x-Lksi9UDr2dxXlYFU0lllRxidsUbg0tqlS6s,http://lh5.ggpht.com/lMLamf97Ej6R0U7Wv8GXwaKvZSLsfwaneeT5cXLYE_ISc2cO1OwvLbZXjbJ5Ztq5V9Q64BICgKJFx4evx283WPi8m7Z7anXkQg,http://lh6.ggpht.com/42OWkfVqbw-fWTmBbRbvGdFmB5xYiry4Bm9Y2tjCyq0QjAL_8IGiX19zbaZBZvmihrX8B7Ecoz5OhSZPnGJa2fh2bAY1QID_CQ,http://lh6.ggpht.com/hdEAVnAfoWA5OG0Cdmaf_sQ31YZNljD4JdWHtOCsRp2T8PPdJSa48oB0IEPHzyyE0nlFgN9dYYCePr5g9Jo3fOBYq70grECvBg,1.7,0,1.3,0.29
12 Dum 23,operykanduvarisa.kanduvarisa@gmail.com,Agra,-18.17757395,20.95837732,,Fri Sep 05 13:28:21 UTC 2014,"savanna, 10-20% tree cover",FALSE,FALSE,flat (0-2%),"LINEAR,LINEAR",0-15%,0-15%,0-15%,0-15%,0-15%,0-15%,,212/234/253,183/184/188,184/187/188,193/217/249,206/209/212,174/206/249,LOAMY SAND,LOAMY SAND,SAND,SAND,SAND,SAND,,FALSE,FALSE,http://lh6.ggpht.com/FLxg2pwvGN4-4EmukTyE2yTDCLxETMA27PcP_JZyfiGDlYn-2COFpiCUtEx60cu12d88Oz9zbnurG4Pog8-CLeXXwkos5Dmz,http://lh5.ggpht.com/TefMfq2c44PNwV-71Wc9lPZv10XMpAzRw0BPqXzJPx5DKbUKoO9r6DLJpd0utKjb_jVjKMLmcKY2HVGe7hUhHQv4qv0u4MbM,http://lh6.ggpht.com/V4eK5jnfRwZ1iDFcsXjov_xrChS7ge70LOF3EbQ5iWDWfj5aSMeI1JBnZU0RJVy4EqAJXOfabtr44gNwgTjlTBDgXTf34kpdlA,http://lh6.ggpht.com/p0RciYk-z8muMZ0cMFHbK0dkl1ERVqteDEKWYdGAVxG36sgrnsd-hq8r6sOm9_FiaXrsw6xuhiHGzQQd8GnaWRJPDNxoqmh_,http://lh5.ggpht.com/zpkN8ZjRMGzaHfednPgAF1_bwW2l36zkyAsYFa8vSS8tPSKoVW7YAIszNLWgyIhPDP8RqZxO0_UTvgbHEqnub71RSgw-iZReQQ,http://lh3.ggpht.com/xV9NGkFd4_rlhQ43RgSrqZduxnpi8rhW-l-0Q8UW65ExVCLKf4sZdExXTHsbBrlmj3_k6ziRQhmrHxi2gIK6Hla5i8i6KP2u9A,1.6,0,1.1,0.06
14 Eten 12,operykanduvarisa.kanduvarisa@gmail.com,Agra,-18.35788017,19.05833188,,Fri Sep 05 13:33:09 UTC 2014,"shrub cover, >50% cover",TRUE,FALSE,flat (0-2%),"LINEAR,LINEAR",0-15%,0-15%,0-15%,0-15%,0-15%,0-15%,,203/224/254,188/199/207,186/191/197,181/185/189,187/192/202,174/175/185,SAND,LOAMY SAND,LOAMY SAND,SAND,SAND,SAND,,FALSE,FALSE,http://lh3.ggpht.com/TS3zWg02MqXT--neY8WM56FhHqFDXxanN-Qpr03xRD7-gIwL_wjTXNJ0mXfmtHbJ7jeVyWKQa7rZXIyhMOFBptfm2xk3L7gfVQ,http://lh4.ggpht.com/tvnrjehdbfcojLGfkpeOr31DdUmmAVVK1blhyjtiKIp34w4rBuoW-5nfuk349eIc6aW6tedSjT3VFVXdZynyeN3hqBZvzwwXxA,http://lh3.ggpht.com/bJh0vdreqjXo16_-IppHYDoDXUUEAEUq8EtylFYI4hohTOxY82-bzd2wK7l333O2L9BjBslqWsEzvnVLlMJjlM_aVNqvqxmAsw,http://lh5.ggpht.com/ruBvt6CCLLkCA5L4fM4f-mS_mmljm3d_rsjPBssf9yOF_o7jbRE4fqZkfeA4krAnuUz7E49fPIYMWncYQKsDvUouQ9hpdjm8sw,http://lh3.ggpht.com/0jVO13zkJF3xkdy7QojoK4M8TEiFGkcIPIb51IsWCpG1xWK9LhUeJ8vlyD1LJegfs9aJM7WuQ2VWyt4RjdTaerpUU4eJnDwZWg,http://lh5.ggpht.com/ELHMmmzt3uQl962X4OUeUJghHCbN7CgDsBNbbN0WANLiSP5hhhtWyptJCLek5veF91nIGxvub9eOfdT7wN3QkGuPTjJLT2Q7uw,1.6,0,1.2,0.04
15 ETEN 13,erastusngaruka@gmail.com,Agra,-18.33674947,19.12622639,,Fri Sep 05 14:52:00 UTC 2014,"tree cover, >25% canopy",FALSE,FALSE,0%,"LINEAR,LINEAR",0-15%,0-15%,0-15%,0-15%,0-15%,0-15%,,185/190/195,187/196/197,176/181/187,183/190/191,183/186/184,178/181/183,LOAM,SANDY LOAM,SANDY LOAM,LOAMY SAND,LOAMY SAND,LOAMY SAND,,FALSE,FALSE,http://lh3.ggpht.com/Id7Hd7Sh4IZne8oPRw417k91x9W_v6WkCuM7ChX3YAkhxDeG9xMivUllYUpPugkQTPfSK0gJhck6Kc-2yP1VoACKBB0Lp6hobA,http://lh6.ggpht.com/R7HFqHpi4eUy7KbrLSuYp0dgHiw9lq_t8NEKvlfshdtepG8UOYef6i6Ya3K0Qpf2XKc4h3fHR1aQmUG4W2w9AhPXysNza-wsQAM,http://lh3.ggpht.com/u9-84tadi99VmUGzmBDi4iwagv3AXzhBKkBqGlUHi0bxJlwtil_n7VJvyzrzaIDnuqRKn7V6bXU7adV9Mpd6GSl-T8m51z9w,http://lh5.ggpht.com/mzSm5Ty42lr-_YzYGn0yg1y0CX98AwpALN4vkk-cIek0J7sI_yc3UId9QlrJ2lzSc5yoTWW8vZvAoSg4DES5MIH1eGQUIld6Rok,http://lh3.ggpht.com/QetnfzzeE70V6hUHA5ZT5djeYphWz5Wm3RjnVWAYDYHxiiDgn0TRPU5ixgSWbCOfKmRX0ukPK3lSBRh7SPonYpnT4yGSX_U7LA,http://lh3.ggpht.com/ncdHP726kQTtO7_WTL63W_iQMLPlazQyonYPGkZXFnefZBPbYevg0kqSZxi4uedKQmoz6tOEDVJ91PPPj56C5QBXMlJWA7u0XQ,1.6,0,1.4,0.09
28 Eten 22,operykanduvarisa.kanduvarisa@gmail.com,Agra,-18.25308245,18.99158469,,Fri Sep 05 13:30:19 UTC 2014,"shrub cover, >50% cover",FALSE,FALSE,gentle (3-5%),"LINEAR,LINEAR",0-15%,0-15%,0-15%,0-15%,0-15%,0-15%,,181/184/182,213/243/162,191/199/204,175/179/182,195/247/243,181/186/200,LOAMY SAND,LOAMY SAND,SANDY LOAM,SANDY LOAM,SANDY LOAM,SAND,,FALSE,FALSE,http://lh6.ggpht.com/zYPglKvwhHt_hxjcsF6yoZg3J6dVbZMLIjB-_JScAyOUAfEy69UX0hfyPhZg6c6tFTelVgMmbKgQWC3-01faiUBzbi2_OTJCHw,http://lh6.ggpht.com/1Wcig1tgKhXTYXsg3CtDsZwHGPs7D4EdtXcbILO5vKxpBm0YyFkFuKMw58zWVqhGPW7uWtfitgey4wcQtzatOxgOTCX7zkTp,http://lh5.ggpht.com/vrgXgTogKRHA35qcl5fJnCjJVJ0tZPt8m4xIB_dTlXeY4H9qt_8jUps6gtkadCreR2YW6iDGOmeFh5nZVWbJlmpyGl2plpxXrPc,http://lh5.ggpht.com/aeud9vjKmyvtItDFHlkCFezS_jJZG4ynUBSUP8JFWptrbWo8EjaPFSVIACgqDfkbQux_Jimx6JxJ2-gTdnB3Jao8ijQ8BZ7A-Q,http://lh4.ggpht.com/l3WO95oga7VKm7_eMg5ssXEBPJxrk5CtCMCpyJsV-O5F5HtDdZ10cimGGDjuFPg6rbWl1uvhCPb3ieT8V7gNYx4_gLKKWN0x8-w,http://lh5.ggpht.com/ap7y6KaAXInNQrIms68if1vNTVBkPVxhNIT-qSJQRZxNgTrUq-_huzDPoKBzQ3wgirDGt5Ta3WpyUCWXCYCPlEd1Wps_u8DKaJ4,1.7,0,1.4,0.61
18 Etend 23 (complete),operykanduvarisa.kanduvarisa@gmail.com,Agra,-18.272089,19.02142368,,Fri Sep 05 13:32:08 UTC 2014,"shrub cover, >50% cover",FALSE,FALSE,gentle (3-5%),"LINEAR,LINEAR",0-15%,0-15%,0-15%,0-15%,0-15%,0-15%,,82/59/42,174/178/181,167/170/175,181/187/198,167/172/176,198/200/195,SAND,SAND,SAND,SAND,LOAMY SAND,LOAMY SAND,,FALSE,FALSE,http://lh6.ggpht.com/VSSmZ87mVM9evo14x8f2jAshpY7jE6sXO9j9QFyDAvJb6vaqpHCPxjSZEc_Tcf_eEooayz7Qb8cgR_wJ2Wskog1-ftTQAFJOUg,http://lh6.ggpht.com/kippuv86cIdhypI8lCGVtBG3shLAiRWaXEy_DSKCTrep8aQTjpluLe6ioBLpCibGf0uxO6TXJY7H5nBAeER2tkYddYGWaInq6w,http://lh5.ggpht.com/0fzuwAGVsQGzBfIiCYPaomSmXbSZS0jIMiePF4sTVhryAOhBtORCwACv5xvnVoR4GsRD9f9gxlH-qFK6siEKODqMCvCMrWLJ6w,http://lh3.ggpht.com/2MwTvgasudzFNguqlMVMnY0blP0HfiJT5ijyBQqoUnIq9e3XHGz8artOS1FS0yLstKCFyRSSiyaKmsd6XW7auJ5LUFRMIN_6rw,http://lh4.ggpht.com/abVmCm9piPC6xKSNVhfSLY4AQwR3eiLs5DlV9WD8HFnVPhrVncbCqKJoM0REeVu8hJVyZHRIUU6j5hg0AmrXwOXzgRU_Xxqw-pg,http://lh6.ggpht.com/vAHlRX2gJVoWpOyNc3Yb-IFxaRjEqU3_cdne7Z3aBgk95UC04rMs6enZKNqqCVSpP-uKpTb3wxAb-ndMbQcb6cUrqNW9qeIO,1.6,0,1.2,0.13
20 ITSA 12,erastusngaruka@gmail.com,Agra,-18.48578264,14.99878331,,Wed Sep 24 09:35:24 UTC 2014,"shrub cover, >50% cover",TRUE,FALSE,3%,"LINEAR,LINEAR",0-15%,0-15%,0-15%,0-15%,0-15%,0-15%,,180/227/223,181/197/214,191/197/199,181/187/191,183/186/181,158/225/213,SANDY LOAM,SANDY LOAM,SANDY LOAM,LOAMY SAND,LOAMY SAND,LOAMY SAND,,FALSE,FALSE,,,,,,,0.9,0,0.8,0.48
21 ITSA 13,operykanduvarisa.kanduvarisa@gmail.com,Agra,-18.5087372,15.01321745,,Thu Sep 18 16:33:36 UTC 2014,"savanna, 10-20% tree cover",TRUE,FALSE,moderate (6-10%),"LINEAR,LINEAR",0-15%,0-15%,0-15%,0-15%,0-15%,0-15%,,180/187/200,174/188/212,174/183/205,168/166/187,173/183/211,162/216/191,SANDY LOAM,SAND,SAND,SAND,SAND,SAND,,FALSE,FALSE,http://lh6.ggpht.com/gmfTGG1QUvxpQo6eTS2WkxWM0I0zq2IUb5FBqe7g-0vBzCNWrUfhiHVb7RGtbDZ5nVzH8syd2Fcmbm_l9mRepTPWsHvgvLHn,http://lh4.ggpht.com/-v-Uw0cZBh6c5QAZelyujCOZ4ZeHC1HmTSC9Wrheel1bOOqjlzJyZvj1FRR8of88rvzYipVuNWEYCod2pD2onSQzM32IWT1HcEs,http://lh4.ggpht.com/9hA5ss_VFtCuxAH18zPg_o0lNJoweVKp1DPF6YNyfcCKvrlP9zsGPs0wE1uQd73PYSYVxqamGUB1YWpkivk58cnIGftC8czmqAQ,http://lh5.ggpht.com/nhAyS7cxZMDAdnT0tW9G_iCq34xlMzjxxniEAQpmm-P3sGOVMTyf10FcXhiArnk3dKvPtbaoWFQYp61n6_1oIxY1BatOxjEO,http://lh4.ggpht.com/_3-1SdB9Q2vZcIsuNyiDL19GPbVlkqFkfVLNIPNrLYM18VWiL76x1Y5bW_fmrcrrX_z6rD7OrhtzAmdWqZ_eTfszgGlcKMKKTg,http://lh4.ggpht.com/gIEChUujb4OAg3k8kkPd-YzBiTOcuXOAnSu1x3RJRDs5CrFLifEWAVkjMaZMAyor6g2qgTstSICxd1BpxEpA8BbMAJ_ZgVhmZw,0.7,0,0.7,0.44
33 KS 1071,erastusngaruka@gmail.com,Agra,-18.18164525,21.02204039,,Fri Sep 05 14:06:46 UTC 2014,"tree cover, >25% canopy",TRUE,FALSE,2%,"LINEAR,LINEAR",0-15%,0-15%,0-15%,0-15%,0-15%,0-15%,,82/59/38,196/217/254,180/183/181,189/206/212,91/87/81,177/211/253,LOAMY SAND,LOAMY SAND,SAND,SAND,SAND,SAND,,FALSE,FALSE,http://lh6.ggpht.com/uKQ-IeAzGQ7YLVkmZVnKoncxrJc5El8AJLjLhRkQdwuZIirbTUj8a1bFUfln3EN7sr6gM61ld9XxuV9RH2iSWliby00eQbRFRBI,http://lh6.ggpht.com/ELjHGM5JflslNYZUR0TmPQTGqcrFdfGxKRX5MkMOhiQi4LhrHKUdEtbMQiqnp6Afz_zW2EaiYurepTx7cldCYxW_GCpw8JRPvg,http://lh5.ggpht.com/IpwbS6vI2m6fhzzkOTJmnY46UTvqSRc9PQk2aEfRYavgiUZHqUP8556mk6iDXQ9ra-jlTbdSL5CrQfSYWceuRl6yDCEd_yRFTw,http://lh6.ggpht.com/wA5fg1qr-rMirxWka9noET5E_rfig3qKiVSiTAJcddtpqtcDo6FofE2K5rQ7T9OEHaXjHtnARjgRiNsXDrFBbS4KbQS_RcvwEvs,http://lh5.ggpht.com/Cin_FOLUoLWHQ6qPovmgbmAZ-iDQqueDq_j06blyDl2dcnin8jeMIjMfjDk0GjUx2sIK6JB9xbnXZvqLUxPGxpkbMBu5hDme,http://lh5.ggpht.com/iI2wk0OkdwrhraeCRSXblSt2grIdXGvydRFO_D9JqADd7RtBPDXb27tQJPzZE6UROTUsnO_hYh0Q9JY02LsKUg449n18KhN0Pw,1.7,0,1.1,0.06
35 KS 11B,erastusngaruka@gmail.com,Agra,-18.19077104,21.01189652,,Fri Sep 05 15:11:19 UTC 2014,"tree cover, >25% canopy",TRUE,FALSE,3%,"LINEAR,LINEAR",0-15%,0-15%,0-15%,0-15%,0-15%,0-15%,,189/190/190,163/168/176,190/191/192,177/180/183,166/169/176,178/180/184,SANDY CLAY LOAM,SANDY CLAY LOAM,SANDY LOAM,LOAMY SAND,SANDY LOAM,LOAMY SAND,,FALSE,FALSE,http://lh6.ggpht.com/xuZJYtzocSKM_aZw252N3WRNiAbjwyjazpfwZQk95iv1sODWjwVXMeoRVtR91evgeQMKF2nPn3_oZbV7QrfnjAATWiU72bVIUA,http://lh5.ggpht.com/sDm64hTC0LztsTqRcePnXhrMnhj1fqcHFCiK5TNniJe_KRPIwKyQmRK5PBrkZWmYbsfv0lGjD_0E9gzWH82vQPtciuOO9o6O1Q,http://lh5.ggpht.com/0wCkCMXAwXX9L6n66OSGRHfqSJ5INED04eqE6E787F5aI5B4Tz99C_JC6v3dTELOjuyBYW9HJ8pm3w0mKW2v0O2ijyD6LwJL,http://lh4.ggpht.com/XlQQLh6JJIVbqY9hUkT-u10PO--r8HDv6c_j-ZpwnLLsRYt4nK9NiY9vk7mhPOChyJ_yQ0kgrHJ8wAXgi6Fp2kfz37lixVKqjQ,http://lh3.ggpht.com/QXU7x2SpC5wdU78E9hXr-ZFmuBiWlIeoFM9WTOKYcEYKHwdB_FKEaH6IL3ybjPP2d5X0s4ZoFW99rbQk4vWuy5T6f1WvcT-9,http://lh4.ggpht.com/je1veebbkPpfihLM9GwWqOdI5z7O3utjwRcwDykN2r_8lpcRAFgaPCAp4RuBQs2JUUvgtWcaKibxTz0Txmcu_GhcRhCK6d2zP14,1.7,0,1.1,0.26
36 KS 12B,erastusngaruka@gmail.com,Agra,-18.29816908,20.79555541,,Wed Sep 24 09:22:10 UTC 2014,"shrub cover, >50% cover",TRUE,FALSE,11%,"LINEAR,LINEAR",0-15%,0-15%,0-15%,0-15%,0-15%,0-15%,,185/187/185,182/186/189,187/185/183,93/67/56,142/153/163,174/176/179,SANDY CLAY LOAM,SANDY CLAY LOAM,LOAMY SAND,SANDY LOAM,LOAM,LOAM,,FALSE,FALSE,,,,,,,1.8,0.07,1.1,1.64
37 KS 211,operykanduvarisa.kanduvarisa@gmail.com,Agra,-18.18079968,20.99805901,,Fri Sep 05 13:24:47 UTC 2014,"savanna, 10-20% tree cover",TRUE,FALSE,flat (0-2%),"LINEAR,LINEAR",0-15%,0-15%,0-15%,0-15%,0-15%,0-15%,,201/221/248,197/228/248,178/180/178,182/186/188,196/215/229,181/184/187,LOAMY SAND,SANDY LOAM,SANDY LOAM,SANDY LOAM,SAND,SAND,,FALSE,FALSE,http://lh4.ggpht.com/OwS_-kfVbtUcQohGN07Q53dqfd4Rxm7lhbn0rkJb7Zv-aXInC6cUAQBahBylbEWbbBDdzmtcx-uAe8NJmMmGBq9TPvUOatjHPA,http://lh4.ggpht.com/CxB3Ab5PWcUehWFvWBiusPlyJw8VLg4sXEMqHUI_wX7K3x1vcUHw3iBLXfh4Z5dRGOSyzKj39jf5PjRmWcVnX2mgWccg2GDduA,http://lh4.ggpht.com/4iXcjHOhGLBPwCc_reUP8cRTltjS3NQ2XVe1kToF2i7_Skttu7ae-gJdj7igyYg4HcQJKntrEel0kgd1gS-w0LQViONdpGZTWw,http://lh5.ggpht.com/4oKDmwYtUX8_uWzMYeDGFCofY7L96a9z_BqWEMbzpCwNDYNZGMk4-EzDErUWvYHeqnGmQicSeaAy_pRpf7LkDw0cU--smj7X,http://lh5.ggpht.com/VO91L7T0ve5ksSQbMF5ChmWP70Be9OO5wFz5M_rIH40U5hotOdL1xWNNhKuJh6cVOY76b1Z9bYDdeeSmRAIZNU1na6L5yJbP,http://lh3.ggpht.com/gYFqW4YZd9D31nyz-bI5Qw6aGJidbKl5NE4pJr_z0rBBmUgmJDO4WxbsUqw5HrO8Vg933x0sC9zzarRUHJlZZiaNEFnG-K568w,1.6,0,1,0.23
41 KS 271,erastusngaruka@gmail.com,Agra,-18.18168259,21.02093238,,Fri Sep 05 15:10:45 UTC 2014,"tree cover, >25% canopy",TRUE,FALSE,0%,"LINEAR,LINEAR",0-15%,0-15%,0-15%,0-15%,0-15%,0-15%,,157/132/110,185/188/189,191/191/190,187/191/190,190/194/195,171/192/221,SANDY LOAM,SANDY LOAM,LOAMY SAND,LOAMY SAND,LOAMY SAND,LOAMY SAND,,FALSE,FALSE,http://lh5.ggpht.com/kziM2w4nItCIdwV0SGYzD-vl7aDw78kGaw1Gb7lF5wcZy0RKljhduFDA_FzCr45YwhZ7pFqZ88k1A4jbt5Ex-99BDKTY09V-hA,http://lh4.ggpht.com/cfXxKPU3jL-IRdZg8bPsOpT7rlRNccuxzEkHrzSmZIn0XnzlRVz7rB6IECoePGL3mbW3md5z1ZLCS56yiS3NLI7MZJXpDYPssTA,http://lh3.ggpht.com/8w0gKTbF1_pY5MDWCp2UZ53FsF0EJXEOhFYn8XYSm18x6gZFXe0Y632_yY4GdiUbmLsC3LCu0NB9Ch_D80VIDKarhOaUe5I2,http://lh4.ggpht.com/kyvZvak2Z64L35orP1o3tyY-1hjEQLd8waIsYYUTGl_B8j6wZBU0DZQ-4JJNDvYHNasuSov7pXtPQseDCAvRimsbY4nZOVBPiQ,http://lh5.ggpht.com/e1niuDNx1pTMKbSk5JlsXu25HQ61tqDGHiKatHL8eDe7y_aMSENOkTnawTemmKStZ416sxdgYHDL2rDB2_b0LFBSG1h2uGct,http://lh4.ggpht.com/mXJ3b-wr7f91lquCLuCKB_daREQADJ_BgRXECwSBtWhTtoUvenvojpDSONjLNDKPMGa1nqtdxRMfPF7--s7OrtalZhy6qjVASzA,1.8,0,1.2,0.05
45 KS 911,erastusngaruka@gmail.com,Agra,-18.18341123,21.02285268,,Fri Sep 05 14:10:13 UTC 2014,"tree cover, >25% canopy",TRUE,FALSE,3%,"LINEAR,LINEAR",0-15%,0-15%,0-15%,0-15%,0-15%,0-15%,,84/74/62,187/189/192,191/189/189,177/190/210,192/217/248,53/46/40,SANDY LOAM,SANDY LOAM,SANDY LOAM,LOAMY SAND,LOAMY SAND,SANDY LOAM,,FALSE,FALSE,http://lh4.ggpht.com/7ko6dAmDNB_izdh3yEukLaua1aGOn-jRyzCS8DP3rLIVD5YQv2tx9SBjOpR9RJ__Jp-83wOVcVXapwd-FTCkKPXSjdpj48D6,http://lh4.ggpht.com/mJm2r6GViBKcD8FD4XHwyOraXZoUr-vFH3l7-z5duG7k6tIAoPdz809oH5dPl-gNS6J5jIGUbsqnhYwKpDwQadJPTW17fmwS,http://lh3.ggpht.com/nRrD-JajmHRL9YExgJTMWhcUqzo7kKI5tPMWu-hBSKzaSRj99c1HKxbA2uv-hMf0N8I7gi6RxCtNqX-vzT4Us9guWKd_QbTXxw,http://lh5.ggpht.com/dHPvHqHEdmuXGs1oZqnGln7vvd_4VwAiNE8ehXtBqc4qwB1409z51PbuqJlVPaSn234c8BANLxfKPVtMpiOmr6z4YYaAiH2YMQ,http://lh4.ggpht.com/_bjON8nbWHwUZ4mmg88LtpHbHcSEFl9dZ0qfeOryydoMjrvR26Ch2YxXzbMlbfQSdwRtygTQzVZ47EEBNhwU-azm-foBbUwS6A,http://lh3.ggpht.com/1bPoga7kCDpq-sPvRBRhm_vOEDvRMijNv2zqhBnJMv4ncwj6Aobr3k9hctK8fi0_Bjg_lzt929G0WfrCoUWFz2l2_lqVSpQBrys,1.7,0,1.1,0.32
48 KS 932,erastusngaruka@gmail.com,Agra,-18.29059,20.82192631,,Wed Sep 24 09:22:22 UTC 2014,"tree cover, >25% canopy",TRUE,FALSE,3%,"LINEAR,LINEAR",0-15%,0-15%,0-15%,0-15%,0-15%,0-15%,0-15%,176/178/179,142/142/140,184/192/180,182/191/188,117/134/153,36/27/18,LOAMY SAND,LOAMY SAND,SANDY LOAM,LOAMY SAND,SANDY CLAY LOAM,SANDY CLAY LOAM,,FALSE,FALSE,,,,,,,1.7,0.01,1.3,0.4
49 KS 951,operykanduvarisa.kanduvarisa@gmail.com,Agra,-18.19179468,20.9939046,,Fri Sep 05 13:27:10 UTC 2014,"tree cover, >25% canopy",TRUE,FALSE,flat (0-2%),"LINEAR,LINEAR",0-15%,0-15%,0-15%,0-15%,0-15%,0-15%,,195/197/200,184/189/197,190/194/193,192/197/207,186/194/197,185/191/190,LOAMY SAND,SILT LOAM,LOAM,LOAM,LOAM,LOAM,,FALSE,FALSE,http://lh5.ggpht.com/7hmcgAxH7fQXK8RErNN0QEB2EKItWSXxA7LnfS1Iz9yiGTWZ5fMtXkVZ90zVvMyHTYsC3OBfLp66ipYafglZ4dWzzxgOsQSSMQ,http://lh3.ggpht.com/WabbtC_3KcAHw_TEljNdZs4w7fPpyDIJiOciOsX-pigejdU2KnCsn02KKZwhQxVPi4nTU8PYZbyqqzKRE2yBKWcA8yT6PLn_ww,http://lh6.ggpht.com/IkMcJK1H0dDlPFvQR9sURN87fZsAMQhpCCFmituoIQrRSBC49mZxQzoKKMVQDXpzJay-C51hhecoLrU9WlPv8Q8R_H4D2uMDUA,http://lh5.ggpht.com/wmJeZDRmwESAqEA5mdRxcQpePT8a9m1nuFfyvQXneB4zbqfFPR7o7dQscsdGmE62wyYVkugIUkHjciTULlST-c0MCUhuq-y9hg,http://lh3.ggpht.com/o9Bti67lcsHnUF2PqgYejclXdoNl5se7fcGqPBFtSDTUDTgk-Ah2vTuxq1YjNac_OXd8XSJj_MxrN_WXGyUYXKLygpA3iLHe,http://lh6.ggpht.com/Mbxlwumd9cV228rVCwtxpRDgkF3q2LALa3oay1L1GVHqefzr3HgymYUR4fCqnBaVmDgYC2qu5yi5KBjYV9Cn2bl-_1DSH7fc4w,1.7,0.07,1.1,0.52
51 KS 971,operykanduvarisa.kanduvarisa@gmail.com,Agra,-18.17180808,21.01028368,,Fri Sep 05 13:23:44 UTC 2014,"savanna, 10-20% tree cover",TRUE,FALSE,gentle (3-5%),"LINEAR,LINEAR",0-15%,0-15%,0-15%,0-15%,0-15%,0-15%,,187/187/189,187/189/187,196/201/202,184/189/190,191/193/193,181/184/185,LOAMY SAND,LOAMY SAND,SAND,SAND,SAND,SAND,,FALSE,FALSE,http://lh5.ggpht.com/RhgrOEdzuQATwqLf840WOhskbcOjhQZ6PlZ7bE3AfzDYox9_td4qVaBBp_VM53S-2RXcE04BZ8u6WY0xWuY5biDh_giYIe8e9zU,http://lh5.ggpht.com/FznZkVUnZyOHOrIp4wt8HlYkvIBcT0DDJ7ezWPpZ_w4hYl0fSY9_U9ulIjH67FennyyZlYwBLQj20Ce8TJggzdd1-vIXZGe-,http://lh6.ggpht.com/Xps3LDfl5ivMgOjMh8OS7I2fGm833ySEDlqoWHiGsGEVqYdqoTbtd69emcFIH8YZ4rui8F-MFKR9EzYXCT37QhSXNZL2LkW5,http://lh6.ggpht.com/t9befUUtw_9n1cNCc2rUAgrUM_OS2uQlMzrjZ_30_Fif_zlbVh0EdRyJbtaN1-5BrAkgb5c2JPYX_t9A7J80okxxYbqDjBXrPtI,http://lh3.ggpht.com/VgiUn3GYFYWtz8ql0YOIQnfWsRfdj2o0X0sinzcolByJxLm24FzOO9nc-cgrBgBNqEy8EMYvBLOGOlY1C7pe_lFpdpbEPTl1sDo,http://lh5.ggpht.com/m2r88V2rS4iw0E3ZOYZJz6GVdKRzmIGAeH8P31HtAXxkcVdecN7MCzzV9ZYLTIw89V3jhDg0qTnuNPxYgtqIDx_nWNslTHrbgQ,1.7,0,1.1,0.13
53 KS 991,operykanduvarisa.kanduvarisa@gmail.com,Agra,-18.18191028,20.99153445,,Fri Sep 05 13:25:50 UTC 2014,"savanna, 10-20% tree cover",FALSE,FALSE,flat (0-2%),"LINEAR,LINEAR",0-15%,0-15%,0-15%,0-15%,0-15%,0-15%,,184/190/189,177/177/182,184/189/184,186/190/191,176/176/177,178/195/219,SAND,SANDY LOAM,SANDY LOAM,SANDY LOAM,SAND,SAND,,FALSE,FALSE,http://lh5.ggpht.com/_SrwGd7ZGyiDxehaJBbQREM6z2XE5oAdwmogroFi75tNCY-SMtUR-rJSjHRjewJjVYFf7w_7lxPuq0Z9qiYne2Euxu0IZq8hMQ,http://lh3.ggpht.com/tot54F1aKSuC-Qn_lo4_1ELW-J92zzSg_pjN-IK6EW9TOOxm-Nl9If_DC_Y6Nhf4_tM_CkC3m02FJA_BNgtjbasQPY9jQ5oAPw,http://lh5.ggpht.com/2sqGJ9ynLNHhtM3GqBWAYx44jAGZY_4XGJLMfTh3OtX9Gk_mL_2IHCCV066u1dn2AF0Ad3ToeIh5rNlErYeN3qbORRZcQFuDzQw,http://lh4.ggpht.com/WoA0NlnEVOH3kcN4W6KN343UX69jIM_bOaKOVBj8LXuJLA_HFZxuXM00MRWyVJ4VtG9DYIbB5r7o9MP75AoiwC2U91yo6IcqKZs,http://lh6.ggpht.com/k6C2otyxUVxkU_EBBq3UWKq57QXr_n1wVN04Y4Cbc7Zqu1ajf5QLaR0TeuivzZFoDg7A4l3SchckzTtWh_oaEtOdiagyVQUc,http://lh6.ggpht.com/6GlDqULy6ZG-DnAa2jjWUGZ5yLuNXnlxoHpX-3bKbvXWVZzPTSCc8GpZTiNBBpzt4sxSFvVSJJMLPK8vTSdLHN-KnEEBaNLfbw,1.5,0,1,0.16
54 KS 992,erastusngaruka@gmail.com,Agra,-18.27914799,20.79193929,,Fri Sep 05 14:04:02 UTC 2014,"tree cover, >25% canopy",TRUE,FALSE,2%,"LINEAR,LINEAR",0-15%,0-15%,0-15%,0-15%,0-15%,0-15%,,187/190/191,191/194/194,200/200/198,60/52/43,180/185/187,59/50/38,SANDY CLAY LOAM,SANDY LOAM,SANDY LOAM,SANDY LOAM,SANDY CLAY LOAM,LOAMY SAND,,FALSE,FALSE,http://lh6.ggpht.com/EVEbDQnAoK3Ahd1RvC3jGi7jucE5dfODH-TRo7ueXZ6g_anyBvrVMdDvsyjqURoz-Mqaq43vkbMhlBINHq3_qpUMEPXhmj30,http://lh5.ggpht.com/s3Ekscm0QroDUyCcZM9leQFlac0ISJ59DrpkkFXpi-1XcXkeOeR2zjyuls5hsHAPl5i9GikkE03fTRVZRMfvvhBjAjB1-CWY,http://lh3.ggpht.com/Ua7qJbCbS2pBqv0LUn6QB-h5woMVuPe9aCTWqxL6c3-tnnaab7asrDgX1p9BHC68AoP0S5LcH-_1jrM4PydrERY_ojxwIAA5tg,http://lh5.ggpht.com/U6Vs1YQJDlNJnQnH3TqNQ-f7M0cBgwADkk18D981f26R5J2woe4GL1ZJ14xt_kdO7-b3jFYTDeoBPmq9jOMS5sToQ0WQwZMx,http://lh5.ggpht.com/l6QIklvyWXE3uOIbMvNa2KRQUiUmzSntSWQXqGpPALf3sLM16tvwHzujCDGIC0Jv0YsaIlo5WrDrui7caWe2VGsTbm4EgwvR,http://lh6.ggpht.com/m8rnIJAekFMkiEbceJ3XpfJFSWg_tEPmARHtFo9x9LoayqAsg4y1fWftjmtXTIH_MU7gvoV5hIgkVO7srhHi4bbXmk_MEfQzyQ,1.7,0.11,1.2,0.59
KS1012,landpksb42@gmail.com,Agra,-18.30913571,20.79881731,,Fri Sep 12 11:12:34 UTC 2014,"shrub cover, >50% cover",FALSE,FALSE,flat (0-2%),"LINEAR,LINEAR",0-15%,0-15%,0-15%,0-15%,0-15%,0-15%,,97/86/72,169/176/182,191/193/192,76/66/51,207/241/138,189/181/171,LOAMY SAND,LOAMY SAND,LOAMY SAND,LOAMY SAND,SAND,SAND,,FALSE,FALSE,http://lh6.ggpht.com/wIB2d7Q1iYvmmZ2_sNtSho-0MDcqVcg1Vc75yfJO5fiH3AypJte9bOOcSMdbYQqDufVU-2zdLnS3EGv0ljExzRdMm-mBRI6gsQ,http://lh6.ggpht.com/iBxKhfQjUKK1H0983v4HpMbh7o5MMdLEQ3OuT4hlDQQwme6KfaCIDHjfvtO0LxyJAx31L-smS_v5uejhMvUX985BWKlngdLnLA,http://lh3.ggpht.com/GGF2mF7AFQjnuIcD_0_SvMvNMTtNEGzfz44BtGqCdBm7hxA8zvCf0LgJLbYnPBV6NulpqbFMKHs1KG10R291HwbXCrZlsCij,http://lh5.ggpht.com/2FWNLqrvs3SnLq4zrR-z9KlIbatasFCIhxy_-0rkcYm1EgMF4okysNSspl_H0aCz0y-E1Lf8yWgAKLboWE4B-_lXZaziSTPM,http://lh4.ggpht.com/JdjOGS03U87ov-TOesZjVmi7v2YltCMiAsIVgDSpli80_tyKu56xaMA0q61qlaN9-e3ssFEeiHNK48tyFkHtu3rd98Issfm3PQ,http://lh4.ggpht.com/seJJI8Y_TX8f-ySUc2NtGAbjhEwq-s5yquH68xHnhNI_FHePmgqyu7xv3HyzbW8BUW9a1jrzQuuJO9zHUi9sjB29VHXKrog4Ayo,1.6,0,1.3,0.18
55 Man 11,operykanduvarisa.kanduvarisa@gmail.com,Agra,-17.98666202,20.13969454,,Fri Sep 05 13:29:17 UTC 2014,"savanna, 10-20% tree cover",TRUE,FALSE,gentle (3-5%),"LINEAR,LINEAR",0-15%,0-15%,0-15%,0-15%,0-15%,0-15%,,178/184/186,179/186/193,182/187/189,189/192/190,181/189/202,179/177/172,LOAM,LOAM,LOAM,LOAMY SAND,SAND,SAND,,FALSE,FALSE,http://lh6.ggpht.com/JD0zX1GeFjt8bCvTNsnZ29e-aCYko5aDkAYeKXZY_t65nwM7jictCquXHOArbA3GADyIjpM0yOPXtLmlZ1YBuVI-XvvCcVxBoJk,http://lh3.ggpht.com/eorDXY4jBWYRowOCgt1ZktALOk3IRF7sJv2ArHDY1o14_5jJv9xKKNJ-UPUSQgqznq6z2CAeXizX6jH0JKcq7dDJYKjh_EDjT7E,http://lh6.ggpht.com/RiD9O9z7-3YyFKVypJrlmFYTV2GiXakKJBF9uTsS0SGjk_2Xe6z7YBG8MwFh1SVldZ50ennNE48CDzaBkwhEc5D9i3zgC-0qrQ,http://lh5.ggpht.com/8MTfAxR-t48Owe1UI0gboqr98rymz9DpIYxRhcree1zd1nwbaZ3JmBOpmhkqBr2C_WL6gbWYdO8JzTK2qn9toe5d1GEAufeDs2k,http://lh3.ggpht.com/zURWXutfOTETYXnHErtsZ5Fdhh2KmR-BxW_gbeGVagFSS67BwJIdXI4oWRLJezihAosxMyNqf7v2HwyCP1O4Wl9XH_y-UZMAhw,http://lh4.ggpht.com/C5biQPYJCqtX6iWOVnyZCdGYoRhpMHHHno9ElCgql0WGBRAqrxkOcQ2W3bD16YzUU9b_ITm8RiOAijeOKAsmV89Ldakl96im9Q,1.7,0.39,1.1,2.01
56 Man 12,operykanduvarisa.kanduvarisa@gmail.com,Agra,-18.01300923,20.1852786,,Fri Sep 05 13:37:02 UTC 2014,"savanna, 10-20% tree cover",TRUE,FALSE,flat (0-2%),"LINEAR,LINEAR",0-15%,0-15%,0-15%,0-15%,0-15%,0-15%,,187/190/192,189/191/198,212/224/242,182/187/190,187/190/190,190/193/193,SAND,SAND,SAND,SAND,SAND,SAND,,FALSE,FALSE,http://lh5.ggpht.com/uiGGqWgI1uWXwiwpBPbHVGPS9uqzjACZwcPg_4-HJ9gdAeslHBhz3Ovwv3O81yyDUmy5oKvvjY_zIxiiWC-Xj-Qk2VNPNu8UlQ,http://lh6.ggpht.com/62fQbTVbJcpZtCSZbyRT6fay54orHku40stPu5xLmLZYcro8stmYGghR2gmgN17IjKoQjlhVy76l7okKXiyJ-E2V9fi9XIH6,http://lh6.ggpht.com/2t7oAN5sWyV2GpRU5AP_3TiYiPl65Ilyris5q7ZICBpIbeauiFlo3_-sjMcAvNSisIaXWTmMuy-d7Becetqq0wmr7W0Z7gzrY6s,http://lh5.ggpht.com/2kyPz-L0zYL1uLpz06J_jOtzL7g98VEE9eS0aVQGDumfaGhLRYMttdcyjneimHqU1tfUC6R4NZ0j35DEMqNN9UeSHPesHjef7w,http://lh4.ggpht.com/qTDss_uA_Y6due9B1DVpqD7X77TkHBtA3xpyart79_dZEJZ16qAL5koRxbztDuO5oCSG_WLjJrk6fxCgocu7WoxSyiLIgdglBhs,http://lh3.ggpht.com/9fclnpRrrGVzcqDY8h8hnEk_mAUxfZD03F8YNh8YtMwiljpGTnacsv1b2yT41BDFqNUlNPPZJBYLrJpE6je11mPqCCEw88sKzg,1.6,0,1.3,0.02
57 Man 13 ( complete),landpksb42@gmail.com,Agra,-18.02310071,20.17893995,,Fri Sep 12 11:21:05 UTC 2014,"savanna, 10-20% tree cover",FALSE,FALSE,flat (0-2%),"LINEAR,LINEAR",0-15%,0-15%,0-15%,0-15%,0-15%,0-15%,,188/189/192,185/190/194,188/190/194,179/223/247,181/207/247,173/205/253,SAND,SAND,SAND,SAND,SAND,SAND,,FALSE,FALSE,,,,,,,1.6,0,1.3,0.02
59 Man 22,erastusngaruka@gmail.com,Agra,-18.02748503,20.02145631,,Fri Sep 05 14:48:36 UTC 2014,"tree cover, >25% canopy",TRUE,FALSE,flat (0-2%),"LINEAR,LINEAR",0-15%,0-15%,0-15%,0-15%,0-15%,0-15%,,199/200/199,213/231/254,203/227/249,195/197/189,175/185/190,194/201/204,SANDY LOAM,SANDY LOAM,SANDY LOAM,SANDY LOAM,SAND,SAND,,FALSE,FALSE,http://lh6.ggpht.com/9IZ3nr9tGiq8wEsfGH_pmFh2FiGOKtkyCWk0nA4hdFPJe0QhMYvDTDtheXn6EKLMWjAMu4ZKcAcFQPsBAeeWgq8omT258opuxw,http://lh5.ggpht.com/VVV6_vDmL_cyF7_694v-5bkhxctuKGLqx4CVai0E7Bl7x-lshXSZ2PCU6vyyG_-_0zwNNUsr5IkLziNPDF8BKxM_RFbZK7u6,http://lh3.ggpht.com/LWWxAMwJE3D27yrOsqAybFff8mZBuhiIGmCbtka_9Vr-KvhG2PU1bksz8C5O8-hT56m9RfC-kJ21g1Z_OAIIzR64_bDEUEi4,http://lh4.ggpht.com/tC7YHlXP2sm-B4_18yAn7iqtpAwSInIlTKbXHCypOQJJ3LKFFk1IzHX18PJmDGT_YTM3W_JxUCSrJVH6Hg1Sh1Y4qL433WWmig,http://lh5.ggpht.com/61mVBfWTjpGjJRKl24Deb0U2Sy-ykUdw1xqad3ASiY7t94f52YFrdH522hHH8UQuPEonvc8ad43zTXCUWMbs1FJYVruvHLVO6Q,http://lh5.ggpht.com/c7EtyPWPJKxSGTNldiNkNcy8Kjh7eulL0BU8nuMXZ3_k_GOgyNipvxucGdc9Pb3y-dZit0nV-Y1IaCWayWoRddVJDQ_bmVYAXA,1.7,0.07,1.3,0.37
60 MAN 23,erastusngaruka@gmail.com,Agra,-18.00755546,20.02348348,,Fri Sep 05 14:42:16 UTC 2014,"tree cover, >25% canopy",TRUE,FALSE,0%,"LINEAR,LINEAR",0-15%,0-15%,0-15%,0-15%,0-15%,0-15%,,116/97/80,189/195/199,213/251/121,183/192/194,217/225/213,150/171/197,SANDY LOAM,SAND,SAND,SAND,SAND,SANDY LOAM,,FALSE,FALSE,http://lh6.ggpht.com/YIKmhCaGo2PA62mY4ZGtSRahWX3QAbaXdQRopf6PQL3Q2TK-gtO0s5K8lXGCNaxTJHjXLSbwGbN9wJd1s6Q8rZ7C9vrmyNyg-w,http://lh6.ggpht.com/bd0K6y-J6Ltz7HPzgUSmqYBAhx6octZeMdtXPJd4bgALkBJaLFFH5simYbICCsAz2FRIi46sBY28BTn4SDIzkvNs0MIwrKWsYg,http://lh3.ggpht.com/tCm8z809ldZP09X9s9wF4QtkYsSVja2YnVIaogeSzgmrVJArUiwFmZhv4cU4iHvx-R-I3Of7u-5VldcCfgM8uNAL4AoHvXkIpg,http://lh6.ggpht.com/1eVM-Vq7XaU0zLHgu0qRlFDrYMHeXzTPpJ7BS7Ex-mOA8s8Nzq1wr0WQYSx5jawTnaoeQJZMETf-gfM-upow8o0Hhen0gCGN,http://lh3.ggpht.com/qcGAtF0cV2auTtxQSuRmKFa3J7YfmW4KJq8yuZ7A6Sp9A-Gt89Zpd_l3wCXscLJJ7CsANvk2aqH87YNgkvKAFUiaiKT4Ghyt,http://lh6.ggpht.com/r3yoBypdMfNxSgCc9jo4oi7fVD5ZNGW_5h57tRUB7Xt-NOIC289IjJjMPPldkpq1BOoIUM-i9HUijNyM1pgyRNuh0Ki1mM6cWw,1.7,0,1.3,0.02
70 NASH 21,erastusngaruka@gmail.com,Agra,-17.90063222,16.76747703,,Wed Sep 24 10:46:03 UTC 2014,"tree cover, >25% canopy",FALSE,FALSE,3%,"LINEAR,LINEAR",0-15%,0-15%,0-15%,0-15%,0-15%,0-15%,,195/196/195,166/167/171,132/123/112,190/212/239,191/196/198,205/216/228,LOAMY SAND,LOAMY SAND,LOAMY SAND,LOAMY SAND,LOAMY SAND,LOAMY SAND,,FALSE,FALSE,,,http://lh6.ggpht.com/Lse1QsUOUqHVkIpWAlRsqWqEBp4fS4TKPpw1RqYVLsE2OGBVZyo6zp_KOiQx_vr-BhHZpPrWflQPyl4qGikrvzz_8GWtIQ1RZw,,,,1.7,0.02,1.3,0.51
71 NASH 22,erastusngaruka@gmail.com,Agra,-17.89022529,16.77666896,,Wed Sep 24 09:26:56 UTC 2014,"tree cover, >25% canopy",TRUE,FALSE,0%,"LINEAR,LINEAR",0-15%,0-15%,0-15%,0-15%,0-15%,0-15%,,183/188/190,186/194/199,102/89/73,195/226/186,194/225/188,171/214/191,SANDY LOAM,SANDY LOAM,SANDY LOAM,LOAMY SAND,LOAMY SAND,LOAMY SAND,,FALSE,FALSE,,,,,,,1.7,0,1.4,0.11
72 NASH 23,erastusngaruka@gmail.com,Agra,-17.91664828,16.80009102,,Wed Sep 24 09:26:44 UTC 2014,"tree cover, >25% canopy",TRUE,FALSE,flat (0-2%),"LINEAR,LINEAR",0-15%,0-15%,0-15%,0-15%,0-15%,0-15%,,187/191/189,189/195/198,190/194/204,185/184/182,185/191/197,202/235/145,SANDY LOAM,LOAMY SAND,LOAMY SAND,LOAMY SAND,LOAMY SAND,LOAMY SAND,,FALSE,FALSE,,,,,,,1.7,0,1.4,0.31
5 ANKU 22,erastusngaruka@gmail.com,Agra,-18.59510571,14.81689475,,Wed Sep 24 09:35:35 UTC 2014,"shrub cover, >50% cover",TRUE,FALSE,5%,"LINEAR,LINEAR",0-15%,0-15%,0-15%,0-15%,0-15%,0-15%,,180/185/187,176/181/190,170/175/174,191/254/217,176/182/183,187/185/178,SANDY LOAM,SANDY LOAM,SANDY LOAM,LOAMY SAND,LOAMY SAND,LOAMY SAND,,FALSE,FALSE,,,,,,,0.8,0,0.7,0.15
6 Anku 23,operykanduvarisa.kanduvarisa@gmail.com,Agra,-18.53939967,14.80262767,,Thu Sep 18 16:36:35 UTC 2014,"shrub cover, >50% cover",TRUE,FALSE,gentle (3-5%),"LINEAR,LINEAR",0-15%,0-15%,0-15%,0-15%,0-15%,0-15%,,182/188/206,187/191/210,177/184/189,183/186/196,180/180/186,188/193/230,SANDY LOAM,SAND,SAND,SAND,SAND,SAND,,FALSE,FALSE,http://lh5.ggpht.com/R2vjUKBwW6vGTwZPKDQKTbyzyE2rr1HYJ_BYaBjfZYK5DLmR3b0jfK1KGtyBrygJh3FnIYgVwJYkw4S7jKtVLNNb-zxijZhWEw,http://lh4.ggpht.com/ZDMlx_DCw-TtnRG2e8ndtzovHH8eev7og6ESz9-ItPSEZMFxN_L2bgl452pSOVAU4k2_nAgQykJSqAnF-TxcuK7QHd1JOiq_QA,http://lh4.ggpht.com/Jhl7tVWOcY02pF4iFlfXmgQpzsbbuVcnYcKNUr2741uSZdLGVibr58KBBr6RchI6678uDZZDDCLNbOlxMt4drlILY3KAI4ltvQ,http://lh4.ggpht.com/ogiCCXIqy6rF7eqEcccKYgWrac3ti0XGcXbwfrQr0vqwDDMWbT7L0kPJ64BqBDd_WvbvfqPzAjPiYMO39dWj0RxTbXQeHLF5,http://lh5.ggpht.com/3k4TMxuHe-JU6UYr1agkgPB_K2ZrQr97IP6LqLT1N2MmQLHGXsiALJJ-ZYQjcW_bAuL1V3AZ6iG1d-rmsyC5pFK7yBH90ui-1Lk,http://lh5.ggpht.com/nPkBbPZiuZ1OxXtiPKPKiqOqIASlPmrzTY26f6l0y55XEyXk36Qan4C3TnPf7_j5Ej8U-bMzRG20gOHOwgbnMqBZRPEVKmSoRA,0.7,0,0.6,0
73 NSI 11,operykanduvarisa.kanduvarisa@gmail.com,Agra,-17.97570616,19.51246214,,Fri Sep 05 13:36:16 UTC 2014,"tree cover, >25% canopy",TRUE,FALSE,flat (0-2%),"LINEAR,LINEAR",0-15%,0-15%,0-15%,0-15%,0-15%,0-15%,,178/181/178,195/199/199,186/193/194,177/181/179,197/224/188,171/177/183,LOAMY SAND,SAND,SAND,SAND,SAND,SAND,,FALSE,FALSE,http://lh5.ggpht.com/mROtOlgG2xT2Pv77fQQNFTMmzZFHpk9FaVpdmWCEOlNQ8Z6zBwQ6bkzdyEljFXLDetS_ViUOBWsu_V8WMwEuROIYpDd0TKlSZ4c,http://lh6.ggpht.com/oXv9ewXeXfopDqmQ8xceKQNoJ6A3bIVHaYnmDXv2dO1OequWjWfwcSrx0TygI04AjAzigFLOAybB5aSsm6RcpqeuuUGIMQdG,http://lh6.ggpht.com/qguylcKbCjQ6fyGln5oOmgAIT9qnvbCQrZ2UKRb2Kw0Avn5wyySGbC9VjtaUuhc5OppxWwmBjFCuscjs54Fp4ArmxVBSCEHE,http://lh4.ggpht.com/PJty7x_CLP07DhAZjDxXwnnRo2Jvy0jhxWyy2wQqHpzRm8Y5H0OOixAyLbenF_MhYtgySWfAckKwABPMFsfgBwzUMM0_eZRp6Is,http://lh4.ggpht.com/GuV1AX1Ahcf5fBWCw6VX9TA_UVlA2aQQ4Ym5F0PkGctAePl0x6fwrVH83xmW5RCxUVS9dx2AAOfhdPFt1ku-qM7pl70VXr4WDhc,http://lh6.ggpht.com/br2dHxhXgguu2_YsldrHUtOyYwj11VofbhwqNpRldz5G4cgkJHv2GRkfs6drQ37cW7evhZ5bc1SY-AiBkMPtizIMc_vzjcSB8yw,1.7,0,1.3,0.1
74 NSI 12,operykanduvarisa.kanduvarisa@gmail.com,Agra,-17.97321292,19.55012329,,Fri Sep 05 13:35:18 UTC 2014,"tree cover, >25% canopy",TRUE,FALSE,gentle (3-5%),"LINEAR,LINEAR",0-15%,0-15%,0-15%,0-15%,0-15%,0-15%,,186/186/186,183/186/185,188/191/191,187/191/193,188/190/190,197/198/194,LOAM,LOAM,SANDY LOAM,SAND,SAND,SAND,,FALSE,FALSE,http://lh3.ggpht.com/EwCH9O8zWYV3aTYyeqcondKaQXGeTQmZvrs8PuyxQm_9khf8qxbo26pCcngqKTWS1lNR0dpiyjbluJLSOjbc1jn6dFUr_V7lkA,http://lh3.ggpht.com/-iBHWUl4aP8-1k5u4vG2ceo1FtyHMqq2598O8JheVLwxSikWgDz0fEXx-8hVLaLmf0C4wuVhYmeI_55NeYipUu5OmFOOllNTrg,http://lh3.ggpht.com/LsPAGLttt4r-xKAmZQcW-qO8WyYUY3ZMZq3pc_UuPLl3Zzk9Etpvmcw-Q-UUSjj55yheKrYiUdRAtNb3KhfPNtzw-sLiDGmzvg,http://lh5.ggpht.com/1LpTma9IRWP8-1z839x8hINjvoSGoasAhEJaWDft9E60QFbddbGy_rY7uLBNp13g-8hVWh6Q6DnHkNSjNSC6QzFvAhMapXpE8Q,http://lh3.ggpht.com/0i3uph10G2UsTZOCalrOdIH9Q9lZcjF_ypyO640Q5AIegjlWIRCrncg52eNSnrgBRqUY68L9k-XQmXV_-kWJW21ib-UvhCw8Rg,http://lh4.ggpht.com/JHjjMoMvcLizuEv8iALaTJdbqS-X_3uVX5HNUoq6Rz_3wlxUpnQKv4yDPTVp-QrZrEOUHRV1HSlJP8NSY2AeLeC19MAIimQXl9o,1.6,0,1.1,1.31
75 NSI 13,operykanduvarisa.kanduvarisa@gmail.com,Agra,-17.96671854,19.5596318,,Fri Sep 05 13:34:13 UTC 2014,"tree cover, >25% canopy",TRUE,FALSE,moderate (6-10%),"CONVEX,CONVEX",0-15%,0-15%,0-15%,0-15%,0-15%,0-15%,,185/190/191,168/177/187,170/204/231,182/191/190,178/180/180,186/194/200,SANDY CLAY LOAM,LOAMY SAND,SAND,SAND,SAND,SAND,,FALSE,FALSE,http://lh3.ggpht.com/YIpBz2c5gYN1QOEcfJxL_IrG70hA4X42cgAMe_PqocjfIdc75QZ-zbhyhLeT01ZNDvgP1DRPTFYW_-3doKI0uZ0m-Zx_Oa6nB-U,http://lh3.ggpht.com/OEZqW70RiblZGiqi6FFu9f27e8EmAwTsBovrTj4PBaY_LWoQQmTofuBHxddv1GSk8wC-CVmv9hv6FIWdtvA6QyNi8SLK9Fs3HqU,http://lh4.ggpht.com/DuzWY2SCJQTdiR_hg_h5NkbSvPtgOa_AfIndUSZpriOmkzE5MnRtM_WHNQEO0crPO9D7A7WGlXbLkqjS8hX2ug8KfhI9xOa_cw,http://lh5.ggpht.com/04oCxQ09H8id9uJYgRN1iGxAzxS4jtPuQ0wKqhixBcjlz3gKPphflXjE3vZx446z0-c0aBtgJRBsf-hsa225bdXcP6IX4W8O,http://lh5.ggpht.com/usNbvxUuq5f79tYyJAHOrsS43ucKZTOn9Ic8HY4Rq-_O2zKMIPxrnJg3xDFfx2O9p-_oJ7kVvcjT06VA6621QLme50CBvcX1Nw,http://lh3.ggpht.com/ZpC9Ld5X7koNIKm13APuM7R-3goYTs9v-IzgChCENCvxQdfEXMfwXkIgnD1JEEKyCswnrDMWCbNCflgksnK_qOb5POu_vdHhwLE,1.7,0,1.1,0.67
76 NSI 21,erastusngaruka@gmail.com,Agra,-17.94577338,19.30882489,,Fri Sep 05 15:01:48 UTC 2014,"tree cover, >25% canopy",TRUE,FALSE,3%,"LINEAR,LINEAR",0-15%,0-15%,0-15%,0-15%,0-15%,0-15%,0-15%,78/66/54,194/199/203,192/194/193,189/193/193,194/196/196,182/184/185,LOAMY SAND,LOAMY SAND,LOAMY SAND,LOAMY SAND,LOAMY SAND,LOAMY SAND,LOAMY SAND,FALSE,FALSE,http://lh6.ggpht.com/ZyE_xZatZ9QmgrqHgnA2chVBbadJqQw3tM07832_ygJi5hEBdVWW1dbEP6B_FOwT5W-12lCvkJ1nmlHnrsn_yX59Jt2HA50-HVY,http://lh4.ggpht.com/hbmfz75xk-84ySma3GUHGribMT2XWvF0pqfphvNEbfrhVg0gnoljBVp19RDPFTFm5d96W7d9hJcKY4TTecvF-qBgKxa9FeSBt8s,http://lh3.ggpht.com/iZHLbbgLQo5ItPy1d6riLnQ3pzU9JW2R8TpXdliQR9R5D4r-FMDGeh7q_y5fNkGj-U-4JPlJqbVtPUU2xDMGnJd32WlWgGjZDg,http://lh5.ggpht.com/S9v153zGAjqB9xRsXUy7j0DQNslmat3wXeBkgRJGH4vppLdN-ME-0R144H9MUzSDY4EcEGGL2qjwBt4960vNPj8yF_x63p_ziyE,http://lh4.ggpht.com/qhurzhpUdfyUzXlNsLrWQIwPrgWwiDVsBjWr1mkO6Bm2hjF2_0JiRr_4GlbqPyFxs2I_jWnySfI2-GPRtkzaPEy9Ej24BIih,http://lh6.ggpht.com/gwgKdU0XM12wf-F3_iv2guH7jxBX_4MabtAvfgi9S5P8oAo_xhfCT4eBTovRbttkHt8OJdYNu6aZhuzlNDoNsVQcBUd8sqsvAA,1.6,0.01,1.2,0.63
77 NSI 22,erastusngaruka@gmail.com,Agra,-17.96149816,19.27588854,,Fri Sep 05 14:57:30 UTC 2014,"tree cover, >25% canopy",TRUE,FALSE,2%,"LINEAR,LINEAR",0-15%,0-15%,0-15%,0-15%,0-15%,0-15%,0-15%,187/187/191,183/184/190,192/196/198,189/193/191,185/190/194,181/182/184,SANDY LOAM,SANDY LOAM,LOAMY SAND,LOAMY SAND,LOAMY SAND,LOAMY SAND,,FALSE,FALSE,http://lh5.ggpht.com/H50Pg5pQN_pptwH516CwahPVTT7_AdeBjLJLeV3kWkrIThje29ZFv5TRaLNnyXQBR3WllWHZabXAhFAFsaRBUZFbuJ9J5Mz2,http://lh6.ggpht.com/OZ32Bq78IwgugUJuHjuPnD9OSAXtv_JQGinJP_DBxdnHK2dGAL601TFwgYyAiW_Fjg7Af6knzL3S1kEelZuWcgeLv2u-dNLq_g,http://lh3.ggpht.com/wpWUA8UZ5EjSIDdNbzTE4eustq3MTrCcXBAIE_o5HasRrEPeisx34porLLTHl4ZH-ZdUppS5veasy_gU4nz05vKL73Htu4WUxg,http://lh3.ggpht.com/wppjIqxn90wWsY38o4kS5uF3loIWUMFsMcNMWcJkFpD2GWLVGFcsFY-5swIjia3SltrHjb3J9oQMX1dS-u2cruI7plbzEx5vQA,http://lh5.ggpht.com/xlGGjS-Wt5h20afpJa58qKtH4E6xqcedpwY58cYEKGg-6aL8W46T9-5umxeVVWKZyRydWkAY-NI9iw_mh8vQ9sIRAUiU-GqL2w,http://lh4.ggpht.com/Qyhv1iuWtR5g19MvU9_P2A6vCHLuq_PEh1k5NTkogq2tEUU_4RWNKIE7I9xZdLiCkuSd9bmy1P6jdUqRXtdCzmWFNNxVtW9SmA,1.6,0.01,1.2,0.63
78 NSI 23,erastusngaruka@gmail.com,Agra,-17.93274325,19.27783306,,Fri Sep 05 15:07:20 UTC 2014,"tree cover, >25% canopy",FALSE,FALSE,3%,"LINEAR,LINEAR",0-15%,0-15%,0-15%,0-15%,0-15%,0-15%,0-15%,65/57/47,192/194/194,189/192/195,191/194/193,197/202/203,172/174/174,LOAMY SAND,LOAMY SAND,LOAMY SAND,LOAMY SAND,LOAM,LOAMY SAND,,FALSE,FALSE,http://lh5.ggpht.com/Piar98QsX0cTQYlhVWVUQSHRyx2eo4JY1ii-5gXBhexEpNSQO_J9uMWRokUclMirvnXOv64WDI079qiQQqfhxJMOm7v-HVUhz5w,http://lh4.ggpht.com/CNvhVfUZMez8fyXaHDBEAmal5URTE45xLGMd6ZYr-B4w9QBhjloAOopvDxsNSaL7Q-x9eRXolRLN0F18MhjeYHWT-_6HZOXp6yU,http://lh3.ggpht.com/GwEGoG-rjEfd9jeBRheRULussJu14VjRL18NRcPR4IK_opceUVg5bw1pfhyzZkl2Kv-yY6naWeoBJlKJVbbD_xi3VIIps4Jo5Q,http://lh6.ggpht.com/S60EMFsJYoByHWR5EeNpPWLTD9Mgm20Nj53Ui9F05cgT2m4ZQetCWD-Jj8MuRNdSa_CqQoWqcwpAB9x9933lBqPmlral109_BQ,http://lh6.ggpht.com/SD0hxbr8Ot-c-mYtCjqUlet9BSGgv6gTQsB6PafKqcXpsRHMacP0uHO73GnzRqOtH8BRrYGBzl_zJobH68AuHJTeFrTyV9PV4g,http://lh4.ggpht.com/ofkw88fYbtF3bkLcvVdBf5s1jdH4LGNVu7yfLbtWKX3H7C6yle7ZC0X63A6EyEmlR_O0cGMRITQzf9qmf34EdqxtANsMMqUc,1.7,0.01,1.2,0.62
79 NY 1091,erastusngaruka@gmail.com,Agra,-17.82617519,18.69850516,,Wed Sep 24 15:45:16 UTC 2014,"shrub cover, >50% cover",TRUE,FALSE,2%,"LINEAR,LINEAR",0-15%,0-15%,0-15%,0-15%,0-15%,0-15%,,181/185/189,181/186/193,182/184/193,178/185/181,175/184/189,143/249/174,SANDY LOAM,SANDY LOAM,SANDY LOAM,LOAMY SAND,LOAMY SAND,LOAMY SAND,,FALSE,FALSE,,http://lh3.ggpht.com/lsk4FBb_FwRJEv3jWNtX9moVVVDEEnqwHnmwCYr7f6j3JnJN4hAKKoutnRMQPvzcdKErDyHb1P9otED1h7D8hxuX3wzaRDKaHA,,,,,1.7,0.01,1.4,0.53
80 NY 1092,operykanduvarisa.kanduvarisa@gmail.com,Agra,-17.81606259,18.55727789,,Wed Sep 10 00:04:15 UTC 2014,"shrub cover, >50% cover",TRUE,FALSE,moderate (6-10%),"LINEAR,LINEAR",0-15%,0-15%,0-15%,0-15%,0-15%,0-15%,,175/177/183,180/185/179,183/189/195,160/241/172,176/182/183,170/214/226,SANDY LOAM,SAND,SAND,SAND,SAND,SAND,,FALSE,FALSE,http://lh5.ggpht.com/F7G6uLtW_K-_vjuX7skVihAGzKr6s4LDNeh0jFv5aiddxflm2Ju3yvBFa9yrwd-YR8e1J4flualsy_Uvp0GOh2LZfYaoFaVo,http://lh3.ggpht.com/ipvlKQ8ivWo3uolJqjolhUuiyJBPan1CVq3d2fx-8u58_i8ozuq0vcUsvXPU8pTToaIwN4U_Vl96shbUsNDBODF3bWBx-T8c,http://lh5.ggpht.com/n_OvcTKFq-CKKmhOIT7CgaGx7Ph_4-nHfMbOIyE61s2rUMWsY1eVdNsOBsdY78T8R8uXgNXSCePs3wzv06GZF08oNjf4op5rJw,http://lh3.ggpht.com/oiPP9hcDu7gub8F9nYS417qfsZ9S53JrCyfH1K0zPXdVezvrkzHxSMgb0goSxWR8X8KEYk3txlN5tLrfwUVDkR8roFwAUNJ8bA,http://lh5.ggpht.com/prP33if9FSoCW-2a8-wjkMmTQPzjo4cRn45Z1yiQ4fK0q0qbo0sdi2zV9HpIvCviEjtt5a7pDhf0MC3cfyf8PE-A7zQqdzgL3g,http://lh3.ggpht.com/jXKNaBaz5ep8fQvFk0JCfK3zQEZKgi28BT2aFxRVKDIQImnNL6eGDA58WWZb-unAEOYZIE5pzQ_f5f2OrZ0T-FwpAmiGbdi1_Q,0,0,0,0
82 NY 1112,erastusngaruka@gmail.com,Agra,-17.79017818,18.52089448,,Wed Sep 24 09:23:12 UTC 2014,"tree cover, >25% canopy",TRUE,FALSE,3%,"LINEAR,LINEAR",0-15%,0-15%,0-15%,0-15%,0-15%,0-15%,,183/191/189,187/195/191,187/196/204,185/190/196,182/190/196,188/200/224,SANDY LOAM,SANDY LOAM,LOAM,LOAMY SAND,LOAMY SAND,LOAMY SAND,,FALSE,FALSE,,,,,,,1.7,0.01,1.2,0.76
83 Ny 1131,operykanduvarisa.kanduvarisa@gmail.com,Agra,-17.80666735,18.69274302,,Fri Sep 12 08:35:01 UTC 2014,"shrub cover, >50% cover",TRUE,FALSE,rolling (11-15%),"CONVEX,CONVEX",0-15%,0-15%,0-15%,0-15%,0-15%,0-15%,,180/182/180,186/193/199,170/168/168,182/186/178,180/189/190,173/222/205,LOAM,SANDY LOAM,SANDY LOAM,SANDY LOAM,SANDY LOAM,SANDY LOAM,,FALSE,FALSE,http://lh5.ggpht.com/fX7kUh6CfaxlVeyCHMd8Hb_bMpFuzDj1ECPikNsXCiWbMWbQcgITWQlsprSZRt30nlocYMLNCXja__iIjjnd_x_MjYFarjbTsQ,http://lh6.ggpht.com/GGyNaoGtcc6mbCBXWhE-I8XvldskeA5J7vvnC74H_OXjD91IjTZ4teyFWWL9ZyhOOx0BaYXonq5ZmKZ80E3mV22ZxhbE2vmg,http://lh3.ggpht.com/DmZG7tBlNx4DN0u7C1I-yLkjjRzxaoS7mp8xJOYWMdSABFrRqeYpHk2JJNGhOeM5rJHFQxKI7RflzP0LDcmmeaVxzRJQ-l0JzQ,http://lh6.ggpht.com/jIMFHBGxU-yEIQwnefr9wVk3xhAHYrw6hoJVm8g_IqOlyambzotiiZu8YhQXtRiFlcyS31o9toGR5rRGygXM_zGP5cC8nOkLEvs,http://lh3.ggpht.com/fPLt_6d3bTYDppg0BmSNeGCAMcm6KKWc_CRBw-QVA8oVok-UkopLWVbDh6OvEA4K1jqD0Fl8E2ERm6rHmRRCnNg1Vm3-WivRQg,http://lh5.ggpht.com/uuqg1lbDj68Dcf91rruJ_2t9obA0eDz5m5OVBotVoQDnfn5H-I9Ys350-yo-mGOmqzvMfv1ZA5Rd1kQ_0i_pxn27CSAc2jYpeQ,1.7,2.32,1.4,5.99
84 NY 1132,erastusngaruka@gmail.com,Agra,-17.80009942,18.52940915,,Wed Sep 24 09:23:28 UTC 2014,"tree cover, >25% canopy",TRUE,FALSE,2%,"LINEAR,LINEAR",0-15%,0-15%,0-15%,0-15%,0-15%,0-15%,,182/226/148,185/187/187,183/185/187,181/186/190,183/186/185,175/172/187,SANDY LOAM,SANDY LOAM,SANDY LOAM,LOAMY SAND,LOAMY SAND,LOAMY SAND,,FALSE,FALSE,,,,,,,1.7,0.01,1.4,0.53
85 NY 1151,operykanduvarisa.kanduvarisa@gmail.com,Agra,-17.82218792,18.66973713,,Wed Sep 10 00:02:26 UTC 2014,"shrub cover, >50% cover",FALSE,FALSE,gentle (3-5%),"LINEAR,LINEAR",0-15%,0-15%,0-15%,0-15%,0-15%,0-15%,,130/191/226,183/197/202,177/178/175,173/177/180,144/237/236,138/236/237,SANDY LOAM,SANDY LOAM,SAND,SAND,SAND,SAND,,FALSE,FALSE,http://lh5.ggpht.com/lkZQTt_1Q3udkEFRrz2jrHAo1W_PRZB00r-RbbjFyZbs_XBRak0k8wxNP5JuOa3-SSn056DzfRokp0AjGGMdEWd0V6NuRcsZ45A,http://lh4.ggpht.com/vDZ4wJnLz4HVvNm2Pl3Q85sW7FYTZtoCr4uxfCGVpdXjGsgbPHIM4DsOR3dHH0N8KG6m-4b5zgYnbAMxBGJoh_vVIMighZcwPQ,http://lh3.ggpht.com/81s5u8VB6IB5aB7pbqEBclJZocxz2R0e4dGL6BEbBRgtxsV86bsp0vn9PsHpH17YwjL0-Tut8F36M1aKjSsZG3eMGUk7vVkEjN4,http://lh5.ggpht.com/dS_31TbSiIdrZFhez0zrIsnDtEIKAvFHYHUdpSkMNyHVB6rlUMGHJ44idRbki-YDAjOYLhp03frn2yksA1ImtCnTYZtYglAQyA,http://lh5.ggpht.com/cZxX89iBOJ5cE_Qu1WnCBzimLnZ-lBY897_Z3vu_IJDH8fAEtRWZrCU26_-xrmG8RwtR95fGRtT0rmOCVCE7d85sdLeSyrdb3w,http://lh6.ggpht.com/wobZEEGZ57gMw4oXe7C5aLhnMHo-HZ3U17NYGuucFqmaao0EOxHiClho3R6akXKijl8p0kClCxac8MjpNywJuEGuIkZwFnC6Jg,0,0,0,0
88 NY 1172,erastusngaruka@gmail.com,Agra,-17.78415985,18.5320114,,Wed Sep 24 09:23:00 UTC 2014,"shrub cover, >50% cover",TRUE,FALSE,0%,"LINEAR,LINEAR",0-15%,0-15%,0-15%,0-15%,0-15%,0-15%,,180/186/185,177/182/188,173/180/187,182/189/181,174/186/205,145/240/140,SANDY LOAM,SANDY LOAM,SANDY LOAM,LOAMY SAND,LOAMY SAND,LOAMY SAND,,FALSE,FALSE,,,,,,,1.7,0,1.3,0.12
90 NY 1192,erastusngaruka@gmail.com,Agra,-17.79964353,18.52780435,,Wed Sep 24 09:23:40 UTC 2014,"tree cover, >25% canopy",TRUE,FALSE,5%,"LINEAR,LINEAR",0-15%,0-15%,0-15%,0-15%,0-15%,0-15%,,188/195/198,200/244/138,95/77/61,176/172/160,168/181/197,170/180/190,SANDY LOAM,SANDY LOAM,SANDY LOAM,LOAMY SAND,LOAMY SAND,LOAMY SAND,,FALSE,FALSE,,,,,,,1.7,0.02,1.2,1.48
91 NY 1211,operykanduvarisa.kanduvarisa@gmail.com,Agra,-17.82033124,18.66719607,,Wed Sep 10 00:03:20 UTC 2014,"shrub cover, >50% cover",FALSE,FALSE,gentle (3-5%),"LINEAR,LINEAR",0-15%,0-15%,0-15%,0-15%,0-15%,0-15%,,138/168/212,184/196/205,143/224/221,174/180/180,139/219/208,136/195/219,LOAMY SAND,SANDY LOAM,SAND,SAND,SAND,SAND,,FALSE,FALSE,http://lh3.ggpht.com/FtWgrlR8kUpXMhyER7L3Py2MAnSf4mKcbcwcjwtKZJv0jnmmzDYGmyCqA3D5BuGUXYP8oScyBfnt5shUzSVTyeIsM1Yov2LSiFU,http://lh5.ggpht.com/kVa69xMvTUS8brjZEb8M9iZxA95akewTtVNQ277hWG8WTCsYz-qKo8BTJCu7WmpSmoA_JoOPUNXAGk2b4J3ZN6rhCk418BrU,http://lh6.ggpht.com/JmnZVuQvlwNdJE6vtvbvlzaGDMZV5zLW-CUXeKQN23kHbH76QLPGnkCWuknsnbCZTXR7i8c9i6SB6AP4vrjl_nV_G58LqDnjO5U,http://lh4.ggpht.com/B59lFXviRfJ9X32MqMf8fMzjPgeHxRwxzFzp8Qnv9TYsO3KTiAschJGqOMKZHhFraaDzAoq_D5dbY6dBJwJ5DB5RWjxMisYi,http://lh3.ggpht.com/CjhjuV9xl_vR-wHGAmq9CzvAQhDcrk925w6GcizT6KvdbLN0E--zCj4IRhNZ49C2lnZHzZ06ngGR5d2XtT80UssYT1JAKw1VEQ,http://lh6.ggpht.com/VfXI6vIbPxku_RbPbgEthoJ-fq-GFIlJDw8d70e7UKiVQvVk34TT5cV7o3oc0Btyx04cc54Df_mW1En39wvylbIjV5ufaiAIjQ,0,0,0,0
92 NY 1212,operykanduvarisa.kanduvarisa@gmail.com,Agra,-17.7825786,18.55772548,,Wed Sep 10 00:05:07 UTC 2014,"shrub cover, >50% cover",TRUE,FALSE,flat (0-2%),"LINEAR,LINEAR",0-15%,0-15%,0-15%,0-15%,0-15%,0-15%,,190/194/195,178/183/180,170/206/215,170/227/220,170/215/233,169/169/170,SANDY LOAM,SANDY LOAM,SANDY LOAM,SAND,SAND,SAND,,FALSE,FALSE,http://lh5.ggpht.com/8dYVEEGUnVOKa75elx1ZbcdH1dws6rPA8VhgoEDCLBEAjuEXBODvmejyD333JzxK8TwptFzy6HI4LAnqeV7Vx15Dxw9TC9hh,http://lh3.ggpht.com/GRfHlBVzrGCC52PQBmsffWLvUyuKewyYjMdjL_wdwXeZSTI1nytEc8eKuHX_1ZUXpYyIxWfiOpWoRPFv5oTIus8rU4Ad_mgV,http://lh3.ggpht.com/ghoEjg99c09y3kydUHEzk_ntiUV1WcGemYzgGoTatvJB8fuep1hGAlXXZguA4S-TpGP9Im5jOyQnS0vZYdfdGssP1lmG-7uCVA,http://lh6.ggpht.com/3LYIu-XHozZSaH6J5p87dhG9DjLI2-9DY_4e47gMMHdGELVFz9be6V_PFPxv6nHJhrFYuplhstPIz8xnjBnyxhiYDYvamUl04g,http://lh6.ggpht.com/GyZ0ZYoUE47F4cSMmWcitDE-BaTMZuI97Btjj-R4IbZLYefWOVJmkeSmjB6VW4LR6gorCXIAfSKh0kTCQh6mdW1azTN9HBGfMg,http://lh3.ggpht.com/3SQt-3l4rxZ1axnpQaMHtM9GAuN2yorUh7YMfx4g55n-eudSu5REjwvebMv0dJBuU6WjHk2ulFaM8GfNs3B9vHXaEkTbws37eg,0,0,0,0
94 NY 1232,erastusngaruka@gmail.com,Agra,-17.79532312,18.5094303,,Wed Sep 24 09:22:47 UTC 2014,"tree cover, >25% canopy",TRUE,FALSE,2%,"LINEAR,LINEAR",,0-15%,0-15%,0-15%,0-15%,0-15%,,176/189/190,182/187/196,183/186/194,180/188/194,175/194/203,155/202/235,,SANDY LOAM,SANDY LOAM,SANDY LOAM,LOAMY SAND,LOAMY SAND,,FALSE,FALSE,,,,,,,1.7,0.04,1.2,0.32
97 NY 151,erastusngaruka@gmail.com,Agra,-17.83167619,18.69075526,,Wed Sep 24 09:25:46 UTC 2014,"shrub cover, >50% cover",FALSE,FALSE,9%,"LINEAR,LINEAR",0-15%,0-15%,0-15%,0-15%,0-15%,0-15%,,166/228/205,175/194/199,175/234/230,178/180/183,172/181/199,126/97/79,SANDY LOAM,SANDY LOAM,SANDY LOAM,LOAMY SAND,LOAMY SAND,LOAMY SAND,,FALSE,FALSE,,,,,,,1.7,0.03,1.3,1.82
100 NY 172,erastusngaruka@gmail.com,Agra,-17.79482695,18.50899377,,Wed Sep 24 09:22:34 UTC 2014,"tree cover, >25% canopy",TRUE,FALSE,0%,"LINEAR,LINEAR",0-15%,0-15%,0-15%,0-15%,0-15%,0-15%,,178/209/199,184/189/187,183/189/194,179/185/193,173/181/196,172/179/187,LOAMY SAND,LOAMY SAND,SANDY LOAM,SANDY LOAM,LOAMY SAND,LOAMY SAND,,FALSE,FALSE,,,,,,,1.7,0,1.3,0.09
101 NY 191,erastusngaruka@gmail.com,Agra,-17.8061626,18.70665522,,Wed Sep 24 09:23:53 UTC 2014,"tree cover, >25% canopy",TRUE,FALSE,11%,"LINEAR,LINEAR",0-15%,0-15%,0-15%,0-15%,0-15%,0-15%,,179/207/189,187/243/155,193/195/188,178/177/184,169/181/193,164/188/197,SANDY LOAM,SANDY LOAM,SANDY LOAM,LOAMY SAND,LOAMY SAND,LOAMY SAND,,FALSE,FALSE,,,,,,,1.7,0.06,1.3,2.53
105 OK  121,operykanduvarisa.kanduvarisa@gmail.com,Agra ,-18.01897891,14.58831347,,Tue Sep 16 16:26:34 UTC 2014,"shrub cover, >50% cover",TRUE,FALSE,flat (0-2%),"LINEAR,LINEAR",0-15%,0-15%,0-15%,0-15%,0-15%,0-15%,,168/179/196,163/202/221,180/195/204,168/176/198,176/171/184,152/217/224,LOAM,LOAM,LOAM,SANDY LOAM,SANDY LOAM,SAND,,FALSE,FALSE,http://lh4.ggpht.com/KWzApu-6b-prTEvJ7HKpEoYJSODASrmV4ljmN3MTc0M8ap-b3WVXGYf4tO9iynqC3dp0kDtvlaYcqORCU1FJnZvKD7LcNXDxRQ,http://lh4.ggpht.com/3WZWVtP2VCdCZOme2dGNTl7iPOg70LHZIsg8TsoOAKD8Fzk16bIxHSxC6GWilYffID7pGNo561yGCqeJvHarF18WyzHUfpsp,http://lh5.ggpht.com/-nPRo2I5kflIXtEsdWky-2u7zm5LdEXK4x49mlVwluQXQp4Ir_u9ZW-JF__ak3Wz6JdDfBiFzWQrp9L1yNhv66yDBdW_14No,http://lh3.ggpht.com/3ncDZcu_cPbpPXhIye9QjnenOJFrbJ6bb0rXH35DwVC91UO5WjJA6lMp4PK4HtQ2sYYt4S3XxXtdUmFOHICBp-kjZYSR5mcAl4k,http://lh5.ggpht.com/FvrqQ3o--q2ul0D5mfg16pVo-rwA2Px9frjsgME6BWm9wC_4SDmt14kxR_NfvOgqWMXhwLCX5iyVJ89znkEVKSSlq9CE4NzRiWI,http://lh3.ggpht.com/JRegiMG5x2-Y23OUUd5egJHkdrsg_73rDUjCq03ZHtaM8z-xteViqc6B6bqrcf6tMlkgxMFG8mdx2-nGUQL-K4oZcr5ifniG,0.7,0.1,1,0.35
104 OK 102,operykanduvarisa.kanduvarisa@gmail.com,Agra,-17.93618146,14.53563765,,Tue Sep 16 17:08:03 UTC 2014,"shrub cover, >50% cover",TRUE,FALSE,flat (0-2%),"LINEAR,LINEAR",0-15%,0-15%,0-15%,0-15%,0-15%,0-15%,,149/162/189,165/184/203,185/196/201,181/189/191,191/197/199,195/198/195,LOAM,SILT LOAM,SILTY CLAY LOAM,CLAY LOAM,CLAY LOAM,CLAY LOAM,,FALSE,FALSE,http://lh6.ggpht.com/DAVBTTrsD2IKjItobbrXvn7UIO_9nxIs_X-U_YjtkflROKn9XIutupGqe1qpxglreuiLcZkb6MlkaGnZ52yBlO__QqzvYBcW,http://lh3.ggpht.com/qi74hT1D8jgCJBFv6PIGiISdlUNnj8Ry82RC-1I0nnDgGgseSSA5Tjecoj1HEZbyzA8vHE7EOd8CkxyA29iXjOQEw0lzORHd8Q,http://lh6.ggpht.com/NUC8QUt4faAx_6kk44Sv8-tyJ394MN71R84yYgQq697tJrPJwfa1i-LT2SEMY26fI7NdPKFcvFwoNrahJL2gnv8jh0K3ageIoDU,http://lh4.ggpht.com/X577M-x3fJk2t5TSgtWstQDXZYRLNQXJxZwqY8JfpJQxEQNT8OLPf0GtZmtmgKzl10mFhd0j28eGcxyKygmZkSUB3fzYCdQCHg,http://lh5.ggpht.com/-zZF1dlEbrR-gayS47aV4SYkvSL1Q1JlIIuNw3WdRMzXgqSQINvfoK8esysdLkhGkfSkI0Hw56huDY-nIMHy9P2Y4tSdgSrWrCc,http://lh4.ggpht.com/eaTVdt3kUkpm__xP8eOzkolrctpQqa8Cdijkt1-mRgwn62nYesFsVO6t6vMiB5Vbf32BpmlOt9qrYswFrarT_ONGkyOPOUTC,0.8,0,1,0.2
106 OK 122,erastusngaruka@gmail.com,Agra,-17.94645596,14.56253442,,Wed Sep 24 09:34:43 UTC 2014,"tree cover, >25% canopy",TRUE,FALSE,2%,"LINEAR,LINEAR",0-15%,0-15%,0-15%,,,,,178/179/179,186/191/190,160/155/164,,,,SILT LOAM,SILT LOAM,SILT LOAM,,,,,FALSE,FALSE,,,,,,,0.8,0,0.9,0.4
107 OK 1271,erastusngaruka@gmail.com,Agra,-17.99834375,14.58044663,,Wed Sep 24 09:34:27 UTC 2014,"shrub cover, >50% cover",TRUE,FALSE,0%,"LINEAR,LINEAR",0-15%,0-15%,0-15%,0-15%,0-15%,0-15%,,172/170/168,80/67/56,178/217/215,185/198/194,183/218/219,178/183/187,LOAM,CLAY LOAM,CLAY LOAM,SANDY LOAM,LOAMY SAND,LOAMY SAND,,FALSE,FALSE,,,,,,,0.7,0,0.5,0.07
108 OK 1272,operykanduvarisa.kanduvarisa@gmail.com,Agra,-17.96624425,14.51553483,,Tue Sep 16 14:45:38 UTC 2014,"shrub cover, >50% cover",TRUE,FALSE,flat (0-2%),"LINEAR,LINEAR",0-15%,0-15%,0-15%,0-15%,0-15%,0-15%,,162/170/199,183/183/178,171/172/194,175/176/191,174/171/181,177/174/178,SANDY LOAM,SANDY LOAM,SANDY LOAM,SAND,SAND,SAND,,FALSE,FALSE,http://lh4.ggpht.com/LwmyTUMY6vOT4_WjGdn4YEvlxZx4Xs4boGQVqQ6-zCbzt8odQM6qRWqrqW3I-a1GVRp95XnjiZXIp4e1W0JNVNL0lRH3Tuttbw,http://lh4.ggpht.com/DGWYJMkkpplCby7hbx6RZB4CQ7mwun0jb8nubx8lXRAHDevDhQ71yB7Ld-6Osa88jJA-qNOeV172o0bs_anw1CG_X6jGKCwD,http://lh5.ggpht.com/s-B_-uiP03A4MfSJBeyYORjQIWWcw8sucL4kCt0ZTlaJqYBb96OuCjV-x2VVntnNZHQZxulne_wIXzv2_FX8C7RmEwOF-y--kg,http://lh5.ggpht.com/4FjVf41ConvIiiczmLTD4o_VgwfFrvGRy-LoaJ59fBeCOc1LZJkqgZUf2LdOxbLlyt_jtrfOT6LU2mKYyIOh1PhL9_teGbdH,http://lh3.ggpht.com/XTWSR4X9g7uWR6FxRmQenXvGrZ22Qjayg5UWxxFNMjnmJmCPuo_DbHrnnWK8WvG8u7fqBD-612U1MdAINZ4jumPB2zSWdX4dJoA,http://lh5.ggpht.com/yLayi9UjwJGQ7g6lsJ-guoHjEYG18xYTgiUYkZnYCEVZ3VyAc2xZwKZ120yHln7UakCHrqyZXy8QlVICZRQ9i7fckyAqMHh9eQ,0.7,0,0.9,0.08
109 OK 1291,erastusngaruka@gmail.com,Agra,-18.00544742,14.57789124,,Wed Sep 24 09:34:10 UTC 2014,"tree cover, >25% canopy",TRUE,FALSE,0%,"LINEAR,LINEAR",0-15%,0-15%,0-15%,0-15%,0-15%,0-15%,,182/189/193,164/189/200,182/199/207,148/243/231,143/233/214,153/218/205,LOAM,LOAM,SILT LOAM,SILT LOAM,SILT LOAM,SILT LOAM,,FALSE,FALSE,,,,,,,0.8,0.04,1,0.12
110 OK 1292,operykanduvarisa.kanduvarisa@gmail.com,Agra,-17.92229789,14.49482557,,Tue Sep 16 16:17:24 UTC 2014,"savanna, 10-20% tree cover",TRUE,FALSE,flat (0-2%),"LINEAR,LINEAR",0-15%,0-15%,0-15%,0-15%,0-15%,0-15%,,187/254/216,174/206/216,184/251/208,181/184/185,182/189/197,184/191/204,SANDY LOAM,SANDY LOAM,SANDY LOAM,SAND,SAND,SAND,,FALSE,FALSE,http://lh6.ggpht.com/MSzkCpuAyxyHugB9jel-AkeZrCeHfRE5aOMS-dNv36tBYvDZRXyOg0N7--NU2WR9BQNJvzDKbh5gxS_wO-i_k0XtmA9WX13Z,http://lh4.ggpht.com/Q9EI8-RTqTD5Ze5GbtKSNKVXpW71kDm_GQX2qjvjj2dGUOH0-cGhPGAi5HA8toSlfJpA64gSuW_ppXoAZvjPX2qssw_TyOI1Cg,http://lh4.ggpht.com/qhAJwKh7bVR-o7pjLKdIrM0Bu6yF3LUY55loMrGL2xZ4lp2yGgGz0UfDEWmJVdgXfJWxIfrIeLN3iQIdLcuQL3L3h6cquGb6RWA,http://lh6.ggpht.com/PAGCVZQWWoUF70ZC9qB6fA1TW9V13v7u3h0DQP8ueXxCj7hJMIY-_GRVF8cAfYVQ9J85HqnG5rM3NZ7O9Cus8I0gmMU-3tMOZw,http://lh6.ggpht.com/S4tw70dU-feaR0Os0EZhy9qp9U7qKxBJpKLaeaR-CVTmgt5T8gtLJJ6oCojYF7_c_KRLz9iIsd1_wPynhJdHt8Huj29w5BSEZA,http://lh3.ggpht.com/_jmT_2wL1WDN3iAgcV9Rt2bEU9fO4kgKCe2cjmvuvp-_cTxh-ANrqQIt4nCJA2GX1pfJj-a9bsmNSkQ_xO3zswlpErkH8s-f6w,0.8,0,0.9,0.01
111 OK 1311,erastusngaruka@gmail.com,Agra,-17.98672698,14.59932067,,Wed Sep 24 16:10:03 UTC 2014,"shrub cover, >50% cover",TRUE,FALSE,flat (0-2%),"LINEAR,LINEAR",0-15%,0-15%,0-15%,0-15%,15-35%,15-35%,0-15%,183/185/188,187/203/213,156/216/219,111/160/198,184/191/182,177/212/203,LOAM,LOAM,SILT LOAM,SILT LOAM,SILT LOAM,SILT LOAM,SILT LOAM,FALSE,FALSE,,,http://lh5.ggpht.com/Cjf1Zs-WcFB7Lgddu9bf65_mb-4VbWO3X_oijss5vwdTZe-aoIoFsyKyRx1uThRvGVt12FDHDCDqiExJ1nGr1PUB_Ebha19tiVw,,,,0.9,0,1,0.2
116 OK 1352,operykanduvarisa.kanduvarisa@gmail.com,Agra,-17.9308745,14.53479434,,Tue Sep 16 17:13:29 UTC 2014,"shrub cover, >50% cover",TRUE,FALSE,flat (0-2%),"LINEAR,LINEAR",0-15%,0-15%,0-15%,0-15%,0-15%,0-15%,,173/184/196,171/205/214,162/196/202,176/178/189,149/159/191,170/178/197,SILT LOAM,SILT LOAM,SILTY CLAY LOAM,SILTY CLAY,CLAY LOAM,CLAY LOAM,,FALSE,FALSE,http://lh5.ggpht.com/Ed3RaO2EoPo8YTM5FEPIF94A0rBlhYA61T-NTVsN1P784wI6D6oqbpMCgmDpl5_wJ-PtLLwKu2DNkifcBf6JncnZ7Vn1cyLv6No,http://lh5.ggpht.com/X7rwMFMyn38bCUk2M56_-QHd80xzgRAFjEPrt83FAyiKo0fa41aWYZyb1zkSvp_95FRBcO974dJaWNQYqT4ynnVYyfl-qrhxFg,http://lh5.ggpht.com/fP5Ih8vcg7P1nYKjK6-eVbq8UQeYXK8B6kpab3V6sIkjMbEniwZ4lE1xOiu6of_8xZIhuehAC3a5G-Aa7Q6eZyHvgLZa2tgk3g,http://lh6.ggpht.com/3FEYaFwTvAlWxpXstqHAQtJubkO-lmrflQdZHL0uf88yLx0bq0hUePARllZqsYPZe3FLqpxmL9tznHbSk1dMtl_gfxs9vP_qyw,http://lh6.ggpht.com/HhNua8_Atl3gvX1O1OZOkX8CFKP6eQWlTj0iG2ycRFefJndSky2GiHgcVRGGyU4vLzSIPIm5yaV7gu9yWU_28qUIF__5mfKU,http://lh4.ggpht.com/G91yD_lHLQbtre7sovYLuCsTHbEz9zKeTayzlN24vlhL9KW2f4EWNKGel4U1Fi0mcGc-TdDjurc1i0mQkccElPlMKIlo3Ilf5zQ,0.9,0,1,0.24
117 OK 1371,operykanduvarisa.kanduvarisa@gmail.com,Agra,-18.01952449,14.58963739,,Tue Sep 16 16:35:56 UTC 2014,"shrub cover, >50% cover",TRUE,FALSE,flat (0-2%),"LINEAR,LINEAR",0-15%,0-15%,0-15%,0-15%,0-15%,0-15%,,179/190/195,159/179/202,98/93/87,177/182/186,160/164/163,180/187/189,SILT LOAM,LOAM,SANDY LOAM,SANDY CLAY LOAM,SANDY CLAY LOAM,CLAY LOAM,,FALSE,FALSE,http://lh6.ggpht.com/WBfz8bdEvOPQ6YtIu2ydsC3povyTh6NVtVLo7RMigmLbtSJ5VJgvJEIRp3uWwrdqygTSRxsQIinMrNK0xHjSUecD8fQCjDcb,http://lh5.ggpht.com/9ShcuEpiB0_okf7oU0SDlgEBCTvQJR3ja2LBqONKPSn9YFhFgr5LTdFUFzN0HUInfIrVYWBbpMhTzsQgkAKCqNrQURvTE1_V1Mo,http://lh6.ggpht.com/yyXDklb-PF9WM4sBEDiJJgknC5eudsME7eeaFJeAjLuC1ZRysKhsHxlnv6iOLuV_klGfY3-pf8UubwIahWurjUlxStSa2xFs,http://lh6.ggpht.com/YZbFP2cqGfQKJEK5qxaltGIgF_cy2xeClelHaiIV6qFVEa87C78a7Mn2PhdXjTXc9r_a5axVjmiEhanHcbdukxroDqG6YRss2g,http://lh6.ggpht.com/LxX_PN04xR6BoAvQF3-Zqe87GbJMn8Tm1ZiVs4hzBUYLPIexlLgErUBuMMxWyFEc0BSSauoR9HShDDmxONRbt33OVciSE7K5,http://lh6.ggpht.com/nnmrEuikX9L0hEJy0YXU1I1ibsel79TwfWTD6D4ZUsJvjD2c-L3lbqJlT-RQWl9lf5Ud_Sh-lJonvW77FNXBKdnpr7QogcgS,0.7,0.13,0.9,0.46
118 OK 1372,erastusngaruka@gmail.com,Agra,-17.94860738,14.56552575,,Wed Sep 24 16:14:05 UTC 2014,"tree cover, >25% canopy",TRUE,FALSE,3%,"LINEAR,LINEAR",0-15%,0-15%,0-15%,0-15%,0-15%,0-15%,,178/179/175,177/183/180,103/77/58,135/194/216,185/197/207,183/189/194,LOAM,LOAM,SILT LOAM,SILT LOAM,SILT LOAM,SILT LOAM,,FALSE,FALSE,,http://lh5.ggpht.com/C2WD59qfi9O_kYBcEl_nWx5IldbufcqRVgXrdeExM11eHJl5x4DjOO7CZGP-PjfA9MjLVoLogeevM7IvPkVPU_oHxDX0BdhP3rU,,,,,0.9,0.01,1,0.45
119 OK 1391,erastusngaruka@gmail.com,Agra,-17.98243172,14.6034796,,Wed Sep 24 09:35:04 UTC 2014,"shrub cover, >50% cover",TRUE,FALSE,2%,"LINEAR,LINEAR",0-15%,0-15%,0-15%,0-15%,0-15%,0-15%,,183/189/193,184/188/194,199/241/162,184/194/195,183/184/186,190/190/187,LOAM,LOAM,SANDY CLAY LOAM,SANDY CLAY LOAM,SANDY CLAY LOAM,SANDY CLAY LOAM,,FALSE,FALSE,,,,,,,0.8,0.01,0.9,0.36
122 OK 1412,erastusngaruka@gmail.com,Agra,-17.92427707,14.55827482,,Wed Sep 24 09:34:54 UTC 2014,"shrub cover, >50% cover",TRUE,FALSE,2%,"LINEAR,LINEAR",0-15%,0-15%,0-15%,0-15%,0-15%,0-15%,,205/226/253,99/94/82,191/194/194,183/189/193,184/188/190,148/143/137,LOAM,CLAY LOAM,CLAY LOAM,SILTY CLAY LOAM,SILTY CLAY LOAM,SILTY CLAY LOAM,,FALSE,FALSE,,,,,,,0.8,0.01,0.9,0.33
124 OK 1432,operykanduvarisa.kanduvarisa@gmail.com,Agra,-17.944248,14.53610854,,Tue Sep 16 16:59:38 UTC 2014,"shrub cover, >50% cover",TRUE,FALSE,flat (0-2%),"LINEAR,LINEAR",0-15%,0-15%,0-15%,0-15%,0-15%,0-15%,,175/181/186,186/192/199,170/185/211,165/173/195,183/190/190,184/192/191,SILT LOAM,SILT LOAM,SILTY CLAY LOAM,CLAY LOAM,CLAY LOAM,CLAY LOAM,,FALSE,FALSE,http://lh4.ggpht.com/T-4y-610DOE3kZPCgroRcJ92q9qst2vL3yPaniUwD-DDnJdVLGPgLz4ocvM7E5G_1-kZVQWQym_sVJv2Tb_aLhlK321kXAgZ2F8,http://lh6.ggpht.com/LDUBeCcnB_lKefvo5njL_YRS3MY1WPhgQ0f6wkaDaTOiQujeUtQbfBYXuftO-owD3ukW5ENGEG_YbSQTZhzid4pq2SpIyDAMgA,http://lh3.ggpht.com/I8SGeQPuw-z7AAGqGS3HdojBQyNWSEpSw7Zg44cYFD2MxiBycEsPCECSvApfnDIY_9l-qCdfpEK6N-WjEQ-yI6zaHjBmVliQEg,http://lh5.ggpht.com/7SAzxatOs0eck3gvajnmjEK6nbm_WpJc-ckKmDxcabrMcFiVU67zfCTUpI0RADFkG3175U2A_yvgqPtB0HM3sQCuJYwCULwn,http://lh3.ggpht.com/_q8WbXx47IAiC3Xz0LhrSYyOoZoC-tZfw8MuAHmF9ehaPpB4cvNZIcWdM_lCwLlSTesn0ozLyXxtpls7xCc_yorDTFXCrso-,http://lh5.ggpht.com/LNt1RVoRzB_6dHG9iLwRWUycu430GT4ZZAi1_9h6J_7A1xV2wEwBeAZEWuj6KCGO5-DhXUXgk2N2ma7dByu0_jNR5VjUgYjfuw,0.8,0,1,0.24
126 OK 82 complete,operykanduvarisa.kanduvarisa@gmail.com,Agra,-17.96761456,14.52094031,,Tue Sep 16 14:54:49 UTC 2014,"shrub cover, >50% cover",TRUE,FALSE,flat (0-2%),"LINEAR,LINEAR",0-15%,0-15%,0-15%,0-15%,0-15%,0-15%,,178/185/192,173/178/196,172/172/180,177/180/185,165/172/182,187/189/183,SANDY LOAM,SANDY LOAM,SAND,SAND,SAND,SAND,,FALSE,FALSE,http://lh6.ggpht.com/xlMRpvAXxPYb9rMymE4ZujJZbWhO5etHi_2nFSfg_1wrhPlVB6Oq3DH8vQUyKVjcFWjGhzCZSXV8jFf8zLdGw9JuqnuDqNr2,http://lh3.ggpht.com/gwFwZsXUFL3TfdGQ_Q44e0zEZKr9UsY46fNeSczeDXHEmQccD7PYxCkDyX7tGqkRSBe2gIFK6x9n41X6Ys2CDSxqOONkwUVyoN4,http://lh3.ggpht.com/C7F0sUkLKlbWsFXAAAu2Q9VAYqwQEZtJF6xzxKeodTIgyAaCrIKKvioPiIoPPAbafclEmEIWu3Rjc1_CSuUHKZ8g637Nfor25A,http://lh4.ggpht.com/heYfd1S06yeT_WaLsxYFkPNI1fu4vWadxfubpOHpUFaavKLXx0uY4YbJEf3S3Iaooi_UFIPszpH3vV-XcE-pztnb4bs5bnb_Gw,http://lh6.ggpht.com/o6bl7JyOG7bvqpJaeUg7JUF2rim45-yhuGPL3y_yI6UTIAckq_W5tVjYsjB1irlwsA3KjFPvY7UvW6iGs7ZCpvgai9rZU_oNAzY,http://lh6.ggpht.com/kTg-vwiziJLu0-edYyfZNSu11qRPqWiBWET1PaP0OCw_tN-nbo9vL9Ki9xOu-KtYwgoczsfSBs52KI56VC5i8bNqi-5-CNlaXQ,0.6,0,0.8,0.09
130 OMI 21,operykanduvarisa.kanduvarisa@gmail.com,Agra,-19.23882938,14.21476264,,Sun Sep 21 20:43:02 UTC 2014,"tree cover, >25% canopy",TRUE,FALSE,very steep (>60%),"CONCAVE,CONCAVE",35-60%,0-15%,,,,,,163/174/197,148/186/254,,,,,LOAM,LOAM,,,,,,FALSE,FALSE,http://lh6.ggpht.com/O4r75o7bfTw6FDmPYwZkWGaWeYk_GFjia2CKc-wPa_c-9ZdeItv1C6F8Riuk9PpRZfRYzHwvU_n_72joQ3lTSYQVspjn3rSv,http://lh6.ggpht.com/vOUA1ouQGMTgwnmdL7f18qKsA0dZpHoXY4W8hRQJSmD6etSAeutQo0u7gbTuemF8L2lrNFZzelJ2n9guOgBen-0Z1w50x66MJQ,http://lh3.ggpht.com/Td8APbKfQ4bxKUp6Z8GjgoGchYdY0uOA956XTgXxB8fV-skp7Aden-S89I45t5TPd11-lY36xD1cSyZuUxAuoXP5vBa5Y975,http://lh4.ggpht.com/v0z0hFmPAxQas7iHuOocOsIaj1idg9IGOBkTjdZTwAKQXH7MgC7MADShY70M-E42TCcPuoHSTEaYBlZYivxB8-FbUad2MyUE,http://lh4.ggpht.com/URS7v0mCuxhi4BkcFefLe99MtmUQtsP5vfHYIRy3FowTDSnIvkgdL0V8gLI59zzHkJOwYFcS4Y5UMc00c7DvGlgDJ-5stvMSZg,http://lh3.ggpht.com/EkL8yqnJ91zH07UNlRB_l9NdhhiEvI_xuHcS5nGgygoLRGy4TqylxM3q8b7xl8mSiTQH3DX-FK-szWNPaFFFXZeMq3VqgsHq3a4,0,0,0,0
131 OMI 22,operykanduvarisa.kanduvarisa@gmail.com,Agra,-19.28635892,14.20919538,,Sun Sep 21 20:37:51 UTC 2014,"shrub cover, >50% cover",TRUE,FALSE,moderate (6-10%),"LINEAR,LINEAR",0-15%,15-35%,15-35%,15-35%,0-15%,0-15%,,178/187/199,168/190/229,161/201/255,182/206/242,177/189/201,190/222/184,SANDY LOAM,SILT LOAM,LOAM,LOAM,CLAY LOAM,CLAY LOAM,,FALSE,FALSE,http://lh4.ggpht.com/l2NAg5OVIgszfyMzXzl_kF-YpSFL4ypoQz8AhUI26tFlrAmQMM815pS8NAZPu1m6pTHb-eqQNJ-GAKwK3CupAmUA_Aho_KzKWJI,http://lh6.ggpht.com/HLPW4vRtSJIbO6jJ27gurypuCkM3yuLBzCqKmzf4Om5PYYjPN47d5TRUpL6b8jMMI8cWfgKeODqwj8iqmxywGj-oM3fXx-M6,http://lh4.ggpht.com/kftO5Yv3yKTrXz56U8w69wMtFsesMHnUn1o-yoqS7hBY-kkniqVuv30SDOxNCanit43AJ6hxwCqUFekZRGNlaegA51yyJMdUwA,http://lh3.ggpht.com/4m5qlTfHb7esxtHW3-lLubGlA0SLdFVqLxcb8gjJxgpGXf2tugTnLg6r1OubWM-UR0euSChPm72BaYhiCzD13GrTS5L4eKN14w,http://lh6.ggpht.com/E_Hvm5df2mR4br4iFq56p7SkP0j54cFvq1JZECXYmQ0T0kCAZyuBd9Ve4NR_pTZ7KUbK20FezLi5fj6QqktOwBeFell9iXAvbw,http://lh6.ggpht.com/JwIKSXSylloq4qmbUZTZbqmQN3nZlzl06u7SgdGjreyGfda-3VvrZ7lV5RwBpToE72sEYgz8RabHoJGOwBlkF8wOcgpdV5UqZHw,0,0,0,0
134 Ondu 12,operykanduvarisa.kanduvarisa@gmail.com,Agra,-18.91474393,14.50705477,,Sat Sep 20 15:01:48 UTC 2014,"savanna, 10-20% tree cover",TRUE,FALSE,gentle (3-5%),"LINEAR,LINEAR",0-15%,0-15%,0-15%,0-15%,0-15%,0-15%,,176/193/208,182/245/220,183/193/200,177/186/211,165/251/237,168/252/163,SANDY LOAM,SANDY LOAM,SANDY LOAM,SANDY LOAM,SANDY LOAM,SANDY LOAM,,FALSE,FALSE,http://lh4.ggpht.com/p7McFZ5KniyydS5JATzk85kNEg73JRhzuGmOBuAa6JfFlLB08pEFRAZFz7nDrBBuIUBDq9j0sMGOikZbFtKzOm91h-BGpl22,http://lh3.ggpht.com/KKwnd6_1zHorQouzpV-OTtzxmwkWmU4EtBIDQDOc7EPFSOJIJL3nJGrkSAq7APluWHHvM8Ycc12vxh9NjtL8NPTFsaIwVwNCzQ,http://lh3.ggpht.com/VcxyEDu5ggMCEzjLEt-WWuqtJePGonvkGVyK5lyyuR9VyAQBEdYPuolNhM3TZMTJ09ppFRqC2qyikUxHw37msVWCUbrHiWAZ-A,http://lh4.ggpht.com/TDM-l94CKnnuA8iYzQ06xO7Vt6-44mc3ngEiY9vMFQoVGhA6SyeRruXsBgtkMXCZFZr0kOjpld4qQCeYQpD-_b0nl4tEzya6,http://lh5.ggpht.com/jWBVI__GicaVq0EzXcU2XBfOu573inq6g9tToEF1xFUU_gGUtBPUyWtWMEd2PjPgdKB7J3dDeRNV0vFSNvFmjc-Je9ih_uskEw,http://lh3.ggpht.com/NB5kzfExe_yHhQlRB_ViTIFFuIlWavOLOg92xMy-jVIyw37pVtev8WLymOg2TIra0Gw0VaAoUwj8nidBUWhIoSHIznYHlQR4uzE,1.8,0,0.9,0.35
136 ONDU 21,erastusngaruka@gmail.com,Agra,-18.43727372,14.25681959,,Wed Sep 24 09:35:12 UTC 2014,"tree cover, >25% canopy",TRUE,FALSE,47%,"CONCAVE,LINEAR",35-60%,35-60%,35-60%,,,,,133/144/154,193/196/195,176/178/181,,,,SILT LOAM,SILT LOAM,SILT LOAM,,,,,FALSE,FALSE,,,,,,,0,0,0,0
139 OU 291,operykanduvarisa.kanduvarisa@gmail.com,Agra,-19.34460569,14.12468827,,Sat Sep 20 14:46:19 UTC 2014,"savanna, 10-20% tree cover",TRUE,FALSE,gentle (3-5%),"LINEAR,LINEAR",15-35%,0-15%,0-15%,0-15%,0-15%,0-15%,,176/179/179,185/189/190,211/245/114,180/186/189,185/195/205,209/251/121,SANDY LOAM,SANDY LOAM,SANDY LOAM,SILT LOAM,SANDY LOAM,SANDY LOAM,,FALSE,FALSE,http://lh4.ggpht.com/vhte7_7EusaspEjAu8sQmKETsIpGYJh4qrI-i9QxnemJeD9ItSPEoMMdJz__XA5A8SZxu66Ai0l2uyHRb0Pa6T-qFtk5X4pegg,http://lh5.ggpht.com/ZQoOUGWnnvx89Q6q8_FVcR4ebYI8i-SVEEKpPnTSkvWsTnbt3DOy03NMu3oLTPjwShAm7XxldTSxv5kvTvbjwltkPHGB0M4hmQ,http://lh5.ggpht.com/sPIldT5_Vj6kHDi25-sizokp_hsatKvFhxP1j7I71Q7vWvsqmhJJjGS-RsRXbnpcFzfrm6g6VF4qP3FmHhISZguPa2J-3lV2vys,http://lh5.ggpht.com/hl2sEOWi4m15LiC-A48oNnQrT9Vbz7B_-Ygojtk0Q7oyxcz-imxepm70gB_aJw-5ubktSuBt_z1qzlUjaHq96TEFEfv5rUaa,http://lh6.ggpht.com/u8QXLOxm2vyIpmfF0s1CKp-fG4judSKzwRqUNknknI-NgsNdRi61JCAJc-r_MQeU33-ZZkY5uCp2Z6qdOAudQyfHq9YmixpRZQ,http://lh5.ggpht.com/MmhCaeG2sjoxVm4XQ2ogRBA8s2nesVSWCbGQfBGDXXN5R0W6BV-7uPdLG-g_m95RmzOAv0spEZhLVRZKTFvXExxwXZGbGw9ePA,1.3,0,0.9,0.08
149 OU 711,operykanduvarisa.kanduvarisa@gmail.com,Agra,-19.34475421,14.13027875,,Sat Sep 20 14:41:40 UTC 2014,"savanna, 10-20% tree cover",TRUE,FALSE,gentle (3-5%),"LINEAR,LINEAR",0-15%,0-15%,0-15%,0-15%,0-15%,0-15%,,187/190/191,182/186/189,182/186/188,186/195/199,189/191/192,176/175/170,SANDY CLAY LOAM,CLAY LOAM,CLAY LOAM,CLAY LOAM,CLAY LOAM,CLAY LOAM,,FALSE,FALSE,http://lh3.ggpht.com/Uxt-Se6t_9J9ae6NEPD63MbmOGn9Sc0qyaVOu5nntIWKn6MD0RPkwySuEdZvx9lyC5cjvNOI0xDNnogIVXi6E4MQkTUPbtqh,http://lh6.ggpht.com/UkOZnzrkd4kMbYzNdfujMzDnvydLn6f4Iv3A5y0mIS0SuoHpwAHdHGmU8lS2fNszrPQN0ZEXCg8N7kSkfdHaAMbsmr93T_guaw,http://lh3.ggpht.com/1CyV4GnYnOLHInuGZoOVOvPmaaIjovjV5bLOOCLPDNy_ATRRNvY9TzHxDe4pVSsT4zWv4wCcXdkwBFdDKbeo8Low8_0v6zi06d0,http://lh3.ggpht.com/WjeNQvHF_vh4DZ2KgdKZZaB7vsT1x-JmTCugtcCntZ3Eb_CO1ruUaJ4p9CY6KScU2cJ0uPDB5cOaLUV3_kvy4t9TK4G54WQ4,http://lh4.ggpht.com/alA7MxZpRPjexbA7TlKTwL7LGgSY4xfOZKKHiupHApF8T_Z6Fr7MZEi0rMrDnObjKG7CtB8Qg9t5i2hFk1StHM-orx0mQUWepcc,http://lh5.ggpht.com/Zo_j3gJQhOGXE8f2X-aBmYMRd4R9cG4IqrPsh5_MmYpMoa0-SK_0SKSgbqaYkAJnYrlT-kazYhymAzgnAFJURhAL0EJ12rXN,1.1,0,0.9,0.13
152 OU 732,operykanduvarisa.kanduvarisa@gmail.com,Agra,-19.37694106,14.11325837,,Sun Sep 21 20:33:54 UTC 2014,"savanna, 10-20% tree cover",TRUE,FALSE,moderate (6-10%),"LINEAR,LINEAR",15-35%,15-35%,15-35%,15-35%,15-35%,15-35%,,179/182/186,174/211/201,176/183/196,196/204/207,178/185/189,186/191/190,CLAY LOAM,CLAY LOAM,CLAY LOAM,CLAY LOAM,CLAY LOAM,CLAY LOAM,,FALSE,FALSE,http://lh4.ggpht.com/j5unCRkCmvluuH0LL4am5QENWFz2WZwfhM0dNKc3TtH9TOiH3A-aoWZqYcemHzvZmX7tKbg-1F7P04ZuD4S3lzxpMT5ain0R6g,http://lh6.ggpht.com/cEhT0n4gKhcYA16bH5btCJkCM72L-Rs7-Rn66Z4PG7M0v61j3JC85dkyfPyGXz_b0h_qm8NxIpjydubmW4jVZh5zjWWW33WB5Fg,http://lh5.ggpht.com/Ld_DIdiRJ8LgfalPcO1OGvoIU6JRop3LsQaJgkclpfSGBBfmP7pj2tUdVmYLgpbskORgW9paPi9uL4j18NzNbjCNFMzi06xZF3U,http://lh6.ggpht.com/biS_2PJyM2i8uwfCeeIUigKA4SoiC6C1lQ4JJ3u9drdY6wOOyUzsmQF1_2pWUlIVOqlbF7Z52ji8IKgQWnk81f2GF9We0s0u,http://lh5.ggpht.com/S1lbZmeKwM88evvXG0Bso7V_8e4-PpOWHcWGue9IA7VzzgbXklorss-57MLzNu4eozz1UXBm_ldQBM5qezTr1Y4o5xWww5v4oA,http://lh3.ggpht.com/zxghGm5_7DitqPZjf_pupvQ8eePB-zsl_OaAxzklHz1dzTmuiOH53oR6Fex7l58vbD_9p2rqZDN2oe6SrIIqb0AWIASlmk8nlw,1.2,0,0.9,0.18
157 OU 791,operykanduvarisa.kanduvarisa@gmail.com,Agra,-19.3443611,14.12544088,,Sat Sep 20 14:51:03 UTC 2014,"shrub cover, >50% cover",TRUE,FALSE,rolling (11-15%),"CONCAVE,CONCAVE",0-15%,15-35%,15-35%,0-15%,0-15%,15-35%,,186/192/195,176/179/175,183/186/184,190/191/192,186/190/195,185/190/192,SILTY CLAY LOAM,SILTY CLAY,SILTY CLAY,CLAY LOAM,CLAY LOAM,SILTY CLAY LOAM,,FALSE,FALSE,http://lh6.ggpht.com/kpWAO_yuepf2PKIOEe2zGSqJjLk7tuweT6v7Xi7kNZR13iQiOiugZqrgC-nB83b96_TyLHu_P8HgIRpUl3tYg_c1PDVNhS7puFM,http://lh6.ggpht.com/uuupYKwX2FMx-KkRlQtEuuzPADKLjmBj-FK4XVhWyC80-NMy-UcILQvOX2oaz89QYh6PaQigyqDTSQA5bMl8-bISXKCgbalh,http://lh6.ggpht.com/GrbxsEVfcTLmeNVu50b8R6S-3mfvhxOZBrHgZ8c7Nli81ok_DB7DKEFeaLfhsyezumk3RdKtfKT5_TUuo86kZzXRoHm2vOA5,http://lh3.ggpht.com/Ja5oPI701xo7nuFjFPxc6xTZtxskooacPfGPFaCXUIdZZoYycsO1TVQZ6m24gGhtPx3iAXHaD94SRdMTpmxcZz62KsNKwlf1i_w,http://lh6.ggpht.com/SiXmijWh1IOFzx0mLV7Eyg3rbPZ2UnZLtqhpRgNGAmivUr18vesgP0kmK03e1rzdbH8wmAUGORso_zNZz5R8aDm9FGFGd8vEhP4,http://lh5.ggpht.com/IgfgGH3dDQ79Z-hrE6vvxyPUpuH3Pa8mAT4XKNjMYTiG_PpS7ldVSLAVcu-LUrwQwqnBySUrAt-oW54WgMzIFE__OBTGkjsM,1,0,0.8,0.76
159 OU 811,operykanduvarisa.kanduvarisa@gmail.com,Agra,-19.33871237,14.15497553,,Sat Sep 20 15:09:37 UTC 2014,"savanna, 10-20% tree cover",TRUE,FALSE,steep (31-60%),"CONCAVE,CONCAVE",35-60%,35-60%,,,,,,177/176/173,174/173/178,,,,,SANDY LOAM,SANDY LOAM,,,,,,FALSE,FALSE,http://lh3.ggpht.com/pZ8GnHhpZYGuwWisWHPHnyi4N8ZKDXPi8xcum3n0c5RCSp35sbj1iczMZbh5bhxXfuMfOzFEqM0QWeyUOywScEJe4lKHsPuEmg,http://lh5.ggpht.com/DvZKpcnMNM_V2p5QRl1_TRSLrjw8WHWSbriGA0YdrF4VzVnK29omksscG2dAhat4ZoCpn7nsHyeatViV863kHMJMqaSU_WEfQA,http://lh4.ggpht.com/HKnJv0tlXC6L8Ba5ArNT_C_Wg7-0PU7SP2rbZtfB6QHOHnQUq4iq_HQqXWb5OLkbk6zFPBsuumZNSLQbEK5htjQeHGYw-LBrIw,http://lh4.ggpht.com/mnCYQZVepIlzGITU-Po1x5eK8jaDGseirqeo5d1JOZxvDDu6VNdtbaeIm9FfoKy7CTyz0-76Kcl3Hd-KwwEqUMJxO_E-HTqQdw,http://lh6.ggpht.com/QGr3srKBKGWD2fikklN4LviHTvOc27hwDg1ZQ5CYEjPXwzcKzzyoxQhcoGfU6K6NkR9gHXTAPNXOag3RZ8yFn56AV9PkYVlSxg,http://lh3.ggpht.com/pX0UfiNYdX3oy23an8uLTBStvpNg_SBMIuIXRhKyCojecZm1zpYibdCSfTueJ_axHJSMmUhC22fxK_Z9UQ47YXh8cd43f1DMzA,0.8,0,0.6,1.74
162 OU 832,operykanduvarisa.kanduvarisa@gmail.com,Agra,-19.37704629,14.12085556,,Sun Sep 21 20:24:45 UTC 2014,"savanna, 10-20% tree cover",TRUE,FALSE,gentle (3-5%),"LINEAR,LINEAR",15-35%,15-35%,0-15%,15-35%,15-35%,15-35%,,150/163/157,159/165/160,172/178/170,174/173/183,172/175/177,182/189/190,SANDY CLAY LOAM,SILTY CLAY LOAM,CLAY LOAM,SANDY CLAY LOAM,SILTY CLAY LOAM,CLAY LOAM,,FALSE,FALSE,http://lh5.ggpht.com/7vDY-agl0wZdYmgJ5fuoL4GWWNWGJ_HI1XVCkv4CvZOSFURGizSdzgFoKG6WTekqupb4-GMnJ4_gPLg8pJqaHATXKMwBJbip,http://lh6.ggpht.com/TNQb7RBs2gwdLV6tLxp0MKzrze0qc5_DfIscHQY2dqYEaLAVKgJpREVEapvivTMysZpaWn4QheKii-QXMzjGhMuLTfBmohWj,http://lh4.ggpht.com/Jh_RtKtkFUpQSomaPNWS7EuVjpPGoyzdsIR_BLNEqiEiHYS1vyPTRXMaUIkb_jKljN2Jj5n3QFD_2p1xnKSXR0acCiCGUCoRYg,http://lh4.ggpht.com/qqTg0qK9WaTR37BTveEv-gkASsFMHrrdZd8Zq22BT2xGkWUAKrO-_zJxCWglBgRzdvZjIlGk1FgqE2SZXlUxgbIuQsBSNF2LYIY,http://lh5.ggpht.com/rYnCdWmVMaG3upCW698V2KY9zkoSvII-nP9AYXpdiqOI5x7BE9Rc2ja-eQ06rgUScSiwWQpjahOECqqobhpLkGns0WlPrxsRh4w,http://lh3.ggpht.com/ac_SbZSjLOnRRXXyvH4JAVzZthxZrmQpqRfHLapdNxE7DCNJPvWbjIdy1CQHigyLiiqtGhG8XTJQh_RLyovrqH8pkJmcn2RS1DA,1.1,0,0.9,0.07
166 SAM 21,erastusngaruka@gmail.com,Agra,-18.03023706,19.48491585,,Fri Sep 05 15:09:38 UTC 2014,"tree cover, >25% canopy",TRUE,FALSE,2%,"LINEAR,LINEAR",0-15%,0-15%,0-15%,0-15%,0-15%,0-15%,,184/189/192,186/191/195,192/196/200,189/194/195,190/195/198,176/184/191,SANDY LOAM,SANDY LOAM,SANDY LOAM,LOAMY SAND,LOAMY SAND,LOAMY SAND,,FALSE,FALSE,http://lh6.ggpht.com/cEG1D5tS_Dr4C6ZcBwUVnIFPQo13jR74CIzXJLCt4fjMNz3I97JozS-LsdDY27vxKGj00X6moX_MVTZUmNxMClVqdUk9Nv0N_Q,http://lh3.ggpht.com/7wikblyOR6ggn-s-cDgcfMRjOhLoxxiKMHvszYpjBsJ_npSdlAK1ZIf2olnUGEfBVqYbyvRJz5QNvf6XLeBOztJVI55UbzkASRw,http://lh3.ggpht.com/94q267uGZO9xgB4X3iS2NhP8Pf_vhi1I7CwfBCKJqodNKjufJ1X6eckEnHtZpetsjXkPPQLbJ2VIp9dUQ5CLwDtV7gM-20D7yQ,http://lh3.ggpht.com/basRTAsrnVgiNkpPUZNYHuENwKb2Kt3sEtkNHuKLq4iQu8FxTsw7WalxUK31xDb42oZ1LfRdwqQfNbj7M0LIS8TjgV7P41Y54Q,http://lh4.ggpht.com/ytyOCR4G3iWoGrPQBx5Ts5CstkKJxB4zJYr0Tjx-aPXFFbi68h0HOvf84tFAo_k8e1GI3oIHtHmS8rXenD89XH7qJGkR6kxUc10,http://lh3.ggpht.com/alZFBsZCbaQnEbagtd0orujRcwKCNAEff9G15TyWZbSMytOcRPINOBZzlIinqTGmr4gdg5T9pk6TFmIwa-tZi_tV-JOOxlRvgQ,1.6,0.01,1.2,0.4
169 TWAH 11,erastusngaruka@gmail.com,Agra,-17.95405713,16.71156663,,Wed Sep 24 09:27:46 UTC 2014,"savanna, 10-20% tree cover",TRUE,FALSE,0%,"LINEAR,LINEAR",0-15%,0-15%,0-15%,0-15%,0-15%,0-15%,,198/226/220,107/99/87,188/211/238,123/142/170,186/188/183,187/213/245,SANDY LOAM,SANDY LOAM,LOAMY SAND,LOAMY SAND,LOAMY SAND,LOAMY SAND,,FALSE,FALSE,,,,,,,1.7,0,1.4,0.11
170 TWAH 12,erastusngaruka@gmail.com,Agra,-17.96379225,16.70951885,,Wed Sep 24 10:56:00 UTC 2014,"shrub cover, >50% cover",TRUE,FALSE,0%,"LINEAR,LINEAR",0-15%,0-15%,0-15%,0-15%,0-15%,0-15%,,190/194/199,179/181/176,168/184/192,185/185/184,187/189/187,178/191/201,SANDY LOAM,SANDY LOAM,SANDY LOAM,LOAMY SAND,LOAMY SAND,LOAMY SAND,,FALSE,FALSE,,,,,,http://lh5.ggpht.com/nivI_O9pcjmep7bAUW3clNP8-AGyIxkBv5D6W3PIOpnfJC5jSiazwWSkUzPAuto1P12Jv2nnPoMJ3C3029tXZwDJlF5_pvY-w5Q,1.7,0,1.4,0.11
171 TWAH 13,erastusngaruka@gmail.com,Agra,-17.96320803,16.67770416,,Wed Sep 24 09:27:20 UTC 2014,"shrub cover, >50% cover",TRUE,FALSE,3%,"LINEAR,LINEAR",0-15%,0-15%,0-15%,0-15%,0-15%,0-15%,,192/195/196,199/206/205,194/195/193,201/205/207,190/195/191,176/182/186,LOAMY SAND,LOAMY SAND,LOAMY SAND,LOAMY SAND,LOAMY SAND,LOAMY SAND,,FALSE,FALSE,,,,,,,1.7,0.02,1.3,0.51
172 TWAH 21,erastusngaruka@gmail.com,Agra,-17.90427508,16.97150068,,Wed Sep 24 09:27:56 UTC 2014,"tree cover, >25% canopy",TRUE,FALSE,0%,"LINEAR,LINEAR",0-15%,0-15%,0-15%,0-15%,0-15%,0-15%,,181/186/185,181/191/194,186/193/193,185/189/186,183/187/185,190/193/193,LOAMY SAND,LOAMY SAND,LOAMY SAND,LOAMY SAND,LOAMY SAND,LOAMY SAND,,FALSE,FALSE,,,,,,,1.7,0,1.4,0.09
173 TWAH 22,erastusngaruka@gmail.com,Agra,-17.91887082,16.97323859,,Wed Sep 24 09:28:15 UTC 2014,"tree cover, >25% canopy",TRUE,FALSE,3%,"LINEAR,LINEAR",0-15%,0-15%,0-15%,0-15%,0-15%,0-15%,,189/189/185,104/96/86,198/199/190,90/105/117,105/95/82,108/100/89,LOAMY SAND,LOAMY SAND,LOAMY SAND,LOAMY SAND,LOAMY SAND,LOAMY SAND,,FALSE,FALSE,,,,,,,1.7,0.02,1.3,0.51
174 TWAH 23,erastusngaruka@gmail.com,Agra,-17.91412457,16.97265621,,Wed Sep 24 09:28:27 UTC 2014,"tree cover, >25% canopy",TRUE,FALSE,2%,"LINEAR,LINEAR",0-15%,0-15%,0-15%,0-15%,0-15%,0-15%,,201/204/203,193/198/199,182/183/182,193/200/207,193/197/201,193/222/217,LOAMY SAND,LOAMY SAND,LOAMY SAND,LOAMY SAND,LOAMY SAND,LOAMY SAND,,FALSE,FALSE,,,,,,,1.7,0.01,1.4,0.38
178 wang 21,erastusngaruka@gmail.com,Agra,-17.44375446,16.73189744,,Wed Sep 24 10:29:09 UTC 2014,"shrub cover, >50% cover",TRUE,FALSE,flat (0-2%),"LINEAR,LINEAR",0-15%,0-15%,0-15%,0-15%,0-15%,0-15%,,191/191/192,197/216/239,180/181/180,186/190/189,188/198/207,124/111/96,SANDY LOAM,LOAMY SAND,LOAMY SAND,LOAMY SAND,LOAMY SAND,LOAMY SAND,,FALSE,FALSE,,,http://lh4.ggpht.com/475Qw7nh0APlaImJ_FXOjoeJpuLb7-GNLNCMgVylgICqGing4494PEBRHUmsXrvpA7pLKYzJelzWYyUPVrcDWqRp-8U44d1I,,,,1.7,0.01,1.4,0.34
